app_name,source_app_names_old,sig_app_tags,category,subcategory,secondary_category,secondary_subcategory,description
1Cak,1cak,1cak,entertainment,comedy_memes,,,"1Cak is a comedy & memes app by PT 1Cak Media. It is Indonesia's meme and humor sharing community, inspired by 9GAG."
2DFire,2DFire,2DFire,productivity_tools,business_operations,,,2DFire is a business operations app by 2DFire. It provides restaurant POS and kitchen or order management tools.
360Kredi,360KREDIT,360KREDIT,finance,payment_gateway,,,360Kredi is a payment gateway app by PT 360 Kredit Teknologi. It provides consumer loans and installment services in Indonesia.
4shared,4shared,4shared,productivity_tools,cloud_storage_file_sharing,,,"4shared is a cloud storage app by 4shared. It provides file storage, sharing, and media access features."
7-Eleven,7_Eleven,7_Eleven,commerce,grocery,,,"7-Eleven is a grocery app by Seven & i Holdings. It provides convenience store product browsing, delivery, and loyalty features."
8 Ball Pool,8BallPool,8BallPool,entertainment,mobile_games,,,8 Ball Pool is a mobile game by Miniclip. It is an online multiplayer billiards simulation game.
9Apps,9apps,9apps,platform_system,app_store,,,9Apps is an alternative Android app marketplace by UCWeb. It provides app and game downloads outside Google Play.
9GAG,9Gag,9Gag,entertainment,comedy_memes,,,"9GAG is a comedy & memes app by 9GAG. It provides user-generated memes, funny images, and viral content sharing."
ABC News,AbcNews,AbcNews,information_education,news_media,,,"ABC News is a news & media app by ABC News. It provides US and international news coverage, live reporting, and video."
ABDA Insurance,ABDA_AUTO,ABDA_AUTO,finance,insurance,,,ABDA Insurance is an insurance app by PT Asuransi Bina Dana Arta. It provides motor and general insurance services.
ACA Insurance,ACA_AUTO,ACA_AUTO,finance,insurance,,,ACA Insurance is an insurance app by PT Asuransi Central Asia. It offers motor and property insurance management.
AHAGames,AHAGames,AHAGames,entertainment,gaming_platform,,,AHAGames is a gaming platform app. It provides mobile game distribution and launcher services.
AIA,MY_AIA|Aia,Aia|MY_AIA,finance,insurance,,,"AIA is an insurance app by AIA Group. It provides life and health insurance policy management, claims, and wellness rewards."
ANB,ANBMobile,ANBMobile,finance,mobile_banking,,,"ANB is a mobile banking app by Arab National Bank (Saudi Arabia). It provides fund transfers, bill payments, and account services."
AP News,APNews,News,information_education,news_media,,,"AP News is a news & media app by The Associated Press. It provides breaking news and reporting across world, politics, business, and sports."
APKMirror,Apkmirror,Apkmirror,platform_system,app_store,,,APKMirror is an alternative Android app repository by Illogical Robot. It provides verified APK downloads and version archives for Android apps.
APKPure,APKPure,APKPure,platform_system,app_store,,,APKPure is an alternative Android app marketplace. It provides APK downloads and app distribution outside Google Play.
ASOS,Asos,Asos,commerce,fashion,,,ASOS is a fashion app by ASOS plc. It offers fast-fashion e-commerce for young adults with global shipping from the UK.
ATI,Ati,Ati,information_education,general_education,,,"ATI is a general education app by Assessment Technologies Institute. It provides study materials, practice exams, and nursing education resources."
AUTO2000,AUTO2000,AUTO2000,lifestyle,automotive_owner_service,,,"AUTO2000 is an automotive owner service app by AUTO2000. It provides Toyota service booking, maintenance information, and owner support services."
AUTOBILD,AUTOBILD,AUTOBILD,lifestyle,automotive_owner_service,,,"AUTOBILD is an automotive owner service app by AUTO BILD. It provides automotive news, reviews, and car-related editorial content."
AXA,AXA_AUTO,AXA_AUTO,finance,insurance,,,"AXA is an insurance app by AXA Group. It provides insurance policy access, claims tracking, and health services."
AXIS,Axis,Axis,platform_system,telco_self_care,,,"AXIS is a telco self-care app by PT XL Axiata, commonly through the AXISnet app. It provides prepaid account management, quota checks, and data package purchases."
AZLyrics,Azlyrics,Azlyrics,entertainment,music_streaming,,,AZLyrics is a music streaming app by AZLyrics.com. It provides a searchable database of song lyrics.
Abjad,Abjad,Abjad,information_education,general_education,,,Abjad is a general education app providing interactive lessons and tools for learning the Arabic script and basic language skills.
Academia,Academia,Academia,information_education,general_education,,,Academia is a general education app by Academia.edu. It provides access to academic papers and researcher profiles.
AccuWeather,AccuWeather,AccuWeather,platform_system,weather_service,,,"AccuWeather is a weather service app by AccuWeather. It provides forecasts, radar, and severe weather alerts."
AdaKami,ADAKAMI,ADAKAMI,finance,p2p_lending,,,AdaKami is a digital lending app by PT Pembiayaan Digital Indonesia. It offers consumer credit and instalment loans via mobile.
AdaModal,ADAMODAL,ADAMODAL,finance,investment,,,AdaModal is an investment app. It provides investment and lending services through a digital platform in Indonesia.
AdaPundi,ADAPUNDI,ADAPUNDI,finance,payment_gateway,,,AdaPundi is a payment gateway app by PT Pundi Mas Berjaya. It provides working capital loans and payment services for Indonesian micro-merchants.
Adidas,Adidas,Adidas,commerce,fashion,,,"Adidas is a fashion app by Adidas AG. It offers sportswear shopping, product launches, and membership rewards."
Adidas Running,ADIDAS_RUNNING,Adidas,commerce,fashion,,,"Adidas Running is a fitness app by Adidas (Runtastic). It provides GPS activity tracking, training plans, and workout logging."
AdiraKu,ADIRAKU,ADIRAKU,finance,payment_gateway,,,AdiraKu is a payment gateway app by Adira Finance. It offers vehicle and consumer installment payment management.
Adobe,Adobe,Adobe,productivity_tools,design_editing,,,"Adobe is a creative software brand by Adobe Inc. On mobile, it typically refers to the Adobe Creative Cloud app for managing creative assets and fonts."
Adobe Acrobat Reader,Adobe_Reader_Acrobat,Adobe_Reader_Acrobat,productivity_tools,system_utility,,,"Adobe Acrobat Reader is a system & utility app by Adobe. It provides PDF viewing, annotation, signing, and form filling."
Adobe Lightroom,AdobeLightroom,AdobeLightroom,productivity_tools,design_editing,,,"Adobe Lightroom is a design & editing app by Adobe. It provides photo editing, RAW processing, and photo library management."
African Bank,AfricanBank,AfricanBank,finance,mobile_banking,,,"African Bank is a mobile banking app by African Bank (South Africa). It offers personal loans, savings, and card management."
Agoda,Agoda,Agoda,transportation,travel_booking,,,"Agoda is a travel booking app by Agoda, part of Booking Holdings. It offers hotel, accommodation, and travel bookings across global destinations."
Air Arabia,AirArabia,AirArabia,transportation,travel_booking,,,Air Arabia is a travel booking app by Air Arabia. It provides low-cost airline booking and passenger services across regional routes. (App not found in Signature Apps Library — tags reflect original source identifiers.)
Air Berlin,Airberlin,Airberlin,transportation,travel_booking,,,Air Berlin was a travel booking app by Air Berlin. It provided flight booking and airline passenger services before the airline ceased operations.
Air France,AirFrance,AirFrance,transportation,travel_booking,,,"Air France is a travel booking app by Air France. It provides flight booking, check-in, boarding passes, and Flying Blue services. (App not found in Signature Apps Library — tags reflect original source identifiers.)"
AirAsia,AirAsia,AirAsia,transportation,travel_booking,lifestyle,food_delivery,AirAsia is a travel booking app by Capital A. It provides flight booking and other travel-related services including hotels and transport.
Airbnb,Airbnb,Airbnb,transportation,travel_booking,,,"Airbnb is a travel booking app by Airbnb. It connects travelers with stays, homes, and local experiences hosted by individuals and businesses."
Airy Rooms,airyrooms,airyrooms,transportation,travel_booking,,,Airy Rooms was a travel booking app by PT Airy Rooms Indonesia. It provided budget accommodation booking with standardized amenities in Indonesia.
Ajaib,Ajaib,Ajaib,finance,investment,,,Ajaib is an investment app by Ajaib Group. It offers stock and mutual fund trading with beginner-friendly tools for Indonesian investors.
Ajinomoto,AJINOMOTO,AJINOMOTO,lifestyle,food_delivery,,,Ajinomoto is a food delivery app by PT Ajinomoto Indonesia. It provides online ordering for Ajinomoto seasoning and food products through its shopping app ecosystem.
Akinator,Akinator,Akinator,entertainment,mobile_games,,,Akinator is a mobile game by Elokence. It is a guessing game where an AI genie tries to identify a character the player is thinking of.
Akindo Sushiro,AkindoSushiro,AkindoSushiro,lifestyle,dining_fnb,,,"Akindo Sushiro is a dining & FnB app by Akindo Sushiro. It provides restaurant information, reservations, and menu-related services for Sushiro outlets."
Akseleran,AKSELERAN,AKSELERAN,finance,investment,,,Akseleran is an investment app by PT Akseleran Keuangan Inklusif Indonesia. It provides P2P lending for SME business loans.
Akulaku,Akulaku|AKULAKU,Akulaku,finance,bnpl_pay_later,finance,e_wallet,"Akulaku is an e-wallet and digital finance app by PT Akulaku Silvrr Indonesia. It offers buy-now-pay-later, loans, and savings products."
Al Jazeera,Aljazeera,Aljazeera,information_education,news_media,,,Al Jazeera is a news & media app by Al Jazeera Media Network. It provides international news and analysis with strong coverage of the Middle East and global affairs.
Al Quran Indonesia,AlQuranIndonesia,AlQuranIndonesia,information_education,religious,,,Al Quran Indonesia is a religious app. It provides Quran reading with Indonesian translation and audio recitation.
AlBaik,AlBaik,AlBaik,lifestyle,dining_fnb,,,"AlBaik is a dining & FnB app by AlBaik. It provides menu browsing, branch information, and ordering-related services for the AlBaik restaurant chain."
Alami,ALAMI,ALAMI,finance,investment,,,Alami is an investment app by PT Alami Fintek Sharia. It offers sharia-compliant P2P lending and invoice financing.
AliExpress,Aliexpress,Aliexpress,commerce,marketplace,,,AliExpress is a marketplace app by Alibaba Group. It connects international buyers with Chinese manufacturers for affordable cross-border shopping.
Alipay,Alipay,Alipay,finance,e_wallet,,,"Alipay is an e-wallet app by Ant Group (Alibaba). It provides mobile payments, wealth management, and lifestyle services globally."
AllFootball,AllFootball,AllFootball,information_education,news_media,,,"AllFootball is a news & media app by All Football Inc. It provides football news, scores, stats, highlights, and fan community features."
Allianz,ALLIANZ|Allianz,ALLIANZ,finance,insurance,,,"Allianz is an insurance app by Allianz SE. It offers insurance policy management, claims submission, and roadside assistance."
Allo Bank,ALLO_BANK,ALLO_BANK,finance,mobile_banking,,,Allo Bank is a mobile banking app by Allo Bank Indonesia. It provides digital banking with social features and lifestyle integrations.
AlloFresh,ALLOFRESH,ALLOFRESH,commerce,grocery,,,AlloFresh is a grocery app by AlloFresh (CT Corp and Bukalapak). It offers online grocery and fresh produce delivery in Indonesia.
Allview Watch,ALLVIEW_WATCH,ALLVIEW_WATCH,health_wellness,health_wearables,,,"Allview Watch is a health wearables app by Allview. It manages Allview smart devices, tracking daily steps, sleep patterns, and health notifications."
Alomedika,ALOMEDIKA,ALOMEDIKA,health_wellness,healthcare_telemedicine,,,"Alomedika is a healthcare & telemedicine app by Alodokter Group. It provides medical education, clinical references, and discussion tools for healthcare professionals in Indonesia."
Amartha,AMARTHA,AMARTHA,finance,investment,,,Amartha is an investment app by PT Amartha Mikro Fintek. It provides microfinance P2P lending focused on women-owned rural businesses.
Amazon,Amazon,Amazon,commerce,marketplace,,,"Amazon is a marketplace app by Amazon.com Inc. It offers global e-commerce, digital content, and same-day delivery services."
Amazon Alexa,Amazon_Alexa,Amazon,productivity_tools,ai_assistant,,,"Amazon Alexa is an AI assistant app by Amazon. It provides voice-based assistance for smart home control, information, music, and automation."
Amazon Prime Video,AMAZON_PRIME,AMAZON_PRIME,entertainment,video_streaming,,,"Amazon Prime Video is a video streaming app by Amazon. It offers on-demand movies, series, and originals with Prime membership."
Amber Weather,AmberWeather,AmberWeather,platform_system,weather_service,,,"Amber Weather is a weather service app. It provides forecasts, widgets, and weather alerts."
Ameera Kasir,AMEERAKASIRONLINE,AMEERAKASIRONLINE,productivity_tools,business_operations,,,Ameera Kasir is a business operations app. It provides point-of-sale and cashier management for small businesses.
Ammana,AMMANA_ID,AMMANA_ID,finance,investment,,,Ammana is an investment app by PT Ammana Fintek Syariah. It provides sharia-compliant P2P lending connecting funders with halal business projects.
Among Us,AmongUs,AmongUs,entertainment,mobile_games,,,Among Us is a mobile game by Innersloth. It is a social deduction party game where crewmates find impostors.
AnchorFree,AnchorFree,AnchorFree,productivity_tools,system_utility,,,"AnchorFree is a system & utility brand formerly associated with Hotspot Shield VPN, now under Aura. It provides VPN-related privacy services."
Angkasa Pura I,ANGKASAPURA1,ANGKASAPURA1,transportation,public_transport_ticketing,,,Angkasa Pura I is a public transport & ticketing app by PT Angkasa Pura I. It provides airport information and service features for airports under Angkasa Pura I.
Angkasa Pura II,ANGKASAPURA2,ANGKASAPURA2,transportation,public_transport_ticketing,,,Angkasa Pura II is a public transport & ticketing app by PT Angkasa Pura II. It provides airport information and service features for airports under Angkasa Pura II.
Angry Birds 2,AngryBirds2,AngryBirds2,entertainment,mobile_games,,,Angry Birds 2 is a mobile game by Rovio (SEGA). It is a physics-based puzzle game where birds are launched at pig structures.
AnterAja,ANTERAJA,ANTERAJA,transportation,logistics_delivery,,,"AnterAja is a logistics & delivery app by PT Tri Adi Bersama. It provides parcel delivery, courier booking, and shipment tracking in Indonesia."
Anterin,ANTERIN,ANTERIN,transportation,ride_hailing,,,Anterin is a ride hailing app by PT Anterin Lintas Nusantara. It provides ride-hailing and delivery services in Indonesia.
AnyDesk,Anydesk,Anydesk,productivity_tools,system_utility,,,AnyDesk is a system & utility app by AnyDesk. It provides remote desktop access and device control.
Apple App Store,AppStore,AppStore,platform_system,app_store,,,"Apple App Store is an app store by Apple. It distributes iPhone, iPad, and other Apple-platform apps and subscriptions."
Apple Books,AppleBooks,Apple|Books,information_education,general_education,,,Apple Books is a general education app by Apple. It provides ebook and audiobook reading and purchasing for Apple users.
Apple Game Center,AppleGameCenter,AppleGameCenter,entertainment,gaming_platform,,,"Apple Game Center is a gaming platform app by Apple. It provides game achievements, leaderboards, and multiplayer matchmaking for iOS games."
Apple Maps,AppleMap,AppleMap,transportation,navigation_maps,,,"Apple Maps is a navigation & maps app by Apple. It provides navigation, directions, and place discovery on Apple devices."
Apple Siri,Apple_Siri,Apple_Siri,productivity_tools,ai_assistant,,,"Apple Siri is an AI assistant by Apple. It provides voice-based assistance for device control, queries, messaging, and smart actions across Apple devices."
Apple TV,Apple_TV,Apple_TV,entertainment,video_streaming,,,Apple TV is a video streaming app by Apple. It provides Apple TV+ originals and a hub for purchasing/renting movies and shows.
Apple iCloud,AppleiCloud,AppleiCloud,productivity_tools,cloud_storage_file_sharing,,,"Apple iCloud is a cloud storage service by Apple. It provides file, photo, backup, and sync services across Apple devices."
ArcGIS,Arcgis,Arcgis,productivity_tools,developer_tools,,,"ArcGIS is a geospatial platform app by Esri. It provides GIS mapping, field data collection, and spatial analytics tools."
Asetku,ASETKU,ASETKU,finance,investment,,,Asetku is an investment app by PT Pintar Inovasi Digital. It provides P2P lending connecting retail investors with consumer credit borrowers.
AsianDate,Asiandate,Asiandate,communication,dating_discovery,,,AsianDate is a dating and discovery app. It provides international dating and chat focused on connecting with Asian singles.
Astra Motor,ASTRAMOTOR,ASTRAMOTOR,lifestyle,automotive_owner_service,,,"Astra Motor is an automotive owner service app by Astra Motor. It provides Honda motorcycle service booking, owner information, and related services."
Atome,Atome,Atome,finance,bnpl_pay_later,,,Atome is an e-wallet and buy-now-pay-later app by Atome Financial. It allows split payments across retail and online merchants in Southeast Asia.
Audi,Audi,Audi,lifestyle,automotive_owner_service,,,"Audi is an automotive owner service app by Audi. It provides connected vehicle services, vehicle management, and owner support features."
Audible,Audible,Audible,entertainment,music_streaming,,,Audible is a music streaming app by Amazon (Audible). It provides audiobook and podcast listening with subscription and purchase options.
Auto Chess,AutoChess,AutoChess,entertainment,mobile_games,,,Auto Chess is a mobile game by Dragonest. It is an auto-battler strategy game with chess-piece character placement.
AutoHome,AutoHome,AutoHome,lifestyle,automotive_owner_service,,,"AutoHome is an automotive owner service app by Autohome. It provides automotive news, reviews, pricing, and dealer information in China."
AutoNavi (Amap),AutoNavi,AutoNavi,transportation,navigation_maps,,,AutoNavi (Amap) is a navigation & maps app by AutoNavi. It provides mapping and navigation services in China.
Autocillin,AUTOCILLIN,AUTOCILLIN,finance,insurance,,,"Autocillin is an insurance app by Adira Insurance. It offers vehicle insurance management, claims, and roadside assistance."
Autodesk,Autodesk,Autodesk,productivity_tools,developer_tools,,,"Autodesk is a design and engineering software brand by Autodesk. It provides CAD, 3D modeling, and construction or engineering tools."
Automagz,AUTOMAGZ,AUTOMAGZ,lifestyle,automotive_owner_service,,,"Automagz is an automotive owner service app. It provides automotive news, reviews, and enthusiast content."
Avantee,AVANTEE,AVANTEE,finance,investment,,,Avantee is an investment app by PT Avantee Gadai Indonesia. It offers P2P lending and gold pawn services.
Avianca,Avianca,Avianca,transportation,travel_booking,,,"Avianca is a travel booking app by Avianca. It provides flight booking, check-in, and loyalty-related airline services. (App not found in Signature Apps Library — tags reflect original source identifiers.)"
Awantunai,AWANTUNAI,AWANTUNAI,finance,payment_gateway,,,Awantunai is a payment gateway app by PT SimpleFi Teknologi Indonesia. It provides working capital financing for FMCG distributors and micro-retailers via an integrated ERP system.
Ayo Belajar,AyoBlajar,AyoBlajar,information_education,general_education,,,"Ayo Belajar is a general education app designed for Indonesian students, providing K-12 curriculum-based learning materials."
B612,B612,B612,productivity_tools,design_editing,,,"B612 is a design & editing app by SNOW. It provides beauty camera, filters, AR effects, and photo or video editing."
BAF Mobile,BAF_MOBILE,BAF_MOBILE,finance,payment_gateway,,,BAF Mobile is a payment gateway app by Bussan Auto Finance. It provides motorcycle and consumer goods installment management.
BBC,BBC|BBC_News,BBC|BBC_News,information_education,news_media,,,"BBC is a news & media app by the British Broadcasting Corporation. It provides global news, analysis, and multimedia coverage."
BBVA,BBVA,BBVA,finance,mobile_banking,,,BBVA is a mobile banking app by Banco Bilbao Vizcaya Argentaria. It offers digital banking across Europe and Latin America.
BCA,Klikbca|BCAS_MOBILE2|MYBCA,BCAS_MOBILE2|Klikbca|MYBCA,finance,mobile_banking,,,"BCA is a mobile banking app by Bank Central Asia. It provides account management, fund transfers, bill payments, and QR-based transactions for BCA customers."
BCA Merchant,BCA_MERCHANT,BCA_MERCHANT,commerce,automotive_market,,,"BCA Merchant is a merchant operations app by Bank Central Asia. It helps merchants manage onboarding, QRIS/EDC services, and transaction-related merchant activities."
BDO,BDODigitalBanking,BDODigitalBanking,finance,mobile_banking,,,"BDO is a mobile banking app by Banco de Oro (Philippines). It provides transfers, bills payment, and account management."
BIGO Live,Bigo,Bigo,communication,short_video_live,communication,social_network,"BIGO Live is a short video and live app by BIGO Technology. It provides live streaming, virtual gifting, and social interaction."
BINUS University,UNIVBINUS,UNIVBINUS,information_education,campus_lms,,,"BINUS University is a campus & LMS app by Bina Nusantara University. It provides student academic services, schedules, and campus information."
BIONS,BIONS,BIONS,finance,investment,,,BIONS is an investment app by BNI Sekuritas. It offers stock trading and market research tools for Indonesian investors.
BJB,BJB_DIGI,BJB_DIGI,finance,mobile_banking,,,"BJB is a mobile banking app by Bank Jabar Banten. It offers transfers, payments, and account services for BJB customers."
BMW,BMW,BMW,lifestyle,automotive_owner_service,,,"BMW is an automotive owner service app by BMW. It provides connected-car controls, vehicle information, and owner service features."
BNI,BNIMobileBanking|BNI_MOBILE|BNI_Mobile_banking|WONDR_BNI,BNI_MOBILE|BNI_Mobile_banking|WONDR_BNI,finance,mobile_banking,,,"BNI is a mobile banking app by Bank Negara Indonesia. It offers fund transfers, bill payments, e-wallet top-ups, and account management."
BNI Life,BNI_LIFE,BNI_LIFE,finance,insurance,,,BNI Life is an insurance app by BNI Life Insurance. It provides life and health insurance policy management.
BOOYAH!,BOOYAH,BOOYAH,communication,short_video_live,,,"BOOYAH! is a gaming video and live app by Garena. It provides game clip sharing, highlights, and live streaming for gamers."
BOTIM,BOTIM,BOTIM,communication,instant_messaging,,,BOTIM is an instant messaging app by Algento Cloud Computing FZ-LLC. It provides messaging and internet voice and video calling.
BPI,BPIMobile,BPIMobile,finance,mobile_banking,,,"BPI is a mobile banking app by Bank of the Philippine Islands. It offers fund transfers, bill payments, and investment access."
BPJS Ketenagakerjaan,JAMSOSTEK,JAMSOSTEK,platform_system,government,,,BPJS Ketenagakerjaan is a government app by BPJS Ketenagakerjaan. It provides employment social security account management and claims-related services.
BRI,BRIMO_BRI|BRImo|BRI_Mobile,BRIMO_BRI|BRI_Mobile,finance,mobile_banking,,,"BRI is a mobile banking app by Bank Rakyat Indonesia. It supports transfers, savings management, loan services, and QRIS payments."
BRI Life,BRI_LIFE,BRI_LIFE,finance,insurance,,,BRI Life is an insurance app by BRI Life. It offers bancassurance products and claims management for BRI customers.
BSI,BSI_MOBILE2,BSI_MOBILE2,finance,mobile_banking,,,"BSI is a mobile banking app by Bank Syariah Indonesia. It provides sharia-compliant banking services including transfers, zakat, and savings."
BTN,BTN_MOBILE,BTN_MOBILE,finance,mobile_banking,,,"BTN is a mobile banking app by Bank Tabungan Negara. It offers mortgage management, transfers, and bill payments focused on housing finance."
BTPN,BTPN_WOW,BTPN_WOW,finance,mobile_banking,,,"BTPN is a mobile banking app by Bank BTPN. It provides digital banking services including savings, transfers, and financial planning tools."
BYD,BYD,BYD,lifestyle,automotive_owner_service,,,"BYD is an automotive owner service app by BYD. It provides EV owner services, vehicle management, and connected-car features."
BabyBus,Babybus,Babybus,information_education,general_education,health_wellness,maternal_family,"BabyBus is a general education app by BabyBus. It provides educational games, songs, and early learning content for children."
BabyCentre,BABYCENTRE,BABYCENTRE,health_wellness,maternal_family,,,"BabyCentre is a maternal & family app by BabyCenter. It provides pregnancy tracking, baby development guidance, and parenting resources."
BabyTree,BabyTree,BabyTree,health_wellness,maternal_family,,,"BabyTree is a maternal & family app by Babytree Group. It is one of China’s largest parenting platforms, offering pregnancy tracking, early childhood education, and community support."
Badoo,Badoo,Badoo,communication,dating_discovery,,,Badoo is a dating and discovery app by Badoo. It offers profile-based social discovery and dating features.
Bahana DXtrade,BAHANA_DXTRADE,BAHANA_DXTRADE,finance,investment,,,Bahana DXtrade is an investment app by Bahana Sekuritas. It offers stock and derivatives trading on the Indonesian exchange.
Baidu Browser,BaiDuSouSuo,BaiDuSouSuo,productivity_tools,browser_search,,,Baidu Browser is a browser & search app by Baidu. It provides mobile web browsing with AI-powered search and content discovery.
Baidu Cloud,BaiDuYunPan,BaiDuYunPan,productivity_tools,cloud_storage_file_sharing,,,Baidu Cloud is a cloud storage service by Baidu. It provides cloud storage and file synchronization for Chinese users.
Baidu News,BaiDuNews,BaiDuNews,information_education,news_media,,,Baidu News is a news & media app by Baidu. It provides Chinese-language news aggregation from multiple sources.
Bandai Namco,BanDaiNamcoEntertainment,BanDaiNamcoEntertainment,entertainment,gaming_platform,,,Bandai Namco is a gaming platform app by Bandai Namco Entertainment. It distributes anime-based games including Dragon Ball and One Piece titles.
Banggood,Banggood,Banggood,commerce,marketplace,,,"Banggood is a marketplace app by Banggood. It offers cross-border shopping with electronics, gadgets, and lifestyle products from Chinese suppliers."
Bango,BANGO,Bango,lifestyle,food_delivery,,,"Bango is a lifestyle app by Unilever Indonesia focusing on culinary heritage, recipes, and a directory of local food stalls featuring Bango products."
Bank DKI,D_BANK_PRO|MOBILE_TOKEN_DKI,D_BANK_PRO|MOBILE_TOKEN_DKI,finance,mobile_banking,,,"Bank DKI is a mobile banking app by Bank DKI. It serves Jakarta-based customers with transfers, payments, and JakCard integration."
Bank Jatim,BANK_JATIM_ONLINE,BANK_JATIM_ONLINE,finance,mobile_banking,,,Bank Jatim is a mobile banking app by Bank Jatim. It provides banking services focused on East Java customers.
Bank Muamalat,MUAMALAT_DIN,MUAMALAT_DIN,finance,mobile_banking,,,Bank Muamalat is a mobile banking app by Bank Muamalat Indonesia. It offers sharia-compliant fund transfers and savings.
Bank Muscat,BankMuscat,BankMuscat,finance,mobile_banking,,,Bank Muscat is a mobile banking app by Bank Muscat (Oman). It provides account management and transfers for Omani customers.
Bank of America,Bankofamerica,Bankofamerica,finance,mobile_banking,,,"Bank of America is a mobile banking app by Bank of America. It provides account management, bill pay, and investment tracking."
BantuSaku,BANTUSAKU,BANTUSAKU,finance,payment_gateway,,,BantuSaku is a payment gateway app by PT Smartek Halodata. It offers personal loans and digital payment services.
Bareksa,BAREKSA,BAREKSA,finance,investment,,,Bareksa is an investment app by PT Bareksa Portal Investasi. It provides mutual fund and government bond investment with marketplace comparison.
Batumbu,BATUMBU,BATUMBU,finance,investment,,,Batumbu is an investment app by PT Batumbu Lentera Indonesia. It provides P2P lending for agricultural sector SMEs.
Bayleaf,BAYLEAF,BAYLEAF,commerce,marketplace,,,Bayleaf is a shopping app by Bayleaf. It provides online retail shopping services through the Bayleaf e-commerce platform.
BeautyCam,BeautyCam,BeautyCam,productivity_tools,design_editing,,,"BeautyCam is a design & editing app by Meitu. It provides beauty filters, retouching, and selfie editing tools."
BeautyPlus,Beautyplus,Beautyplus,productivity_tools,design_editing,,,"BeautyPlus is a design & editing app by Pixocial. It provides photo retouching, beauty filters, and editing tools."
Beautynesia,BEAUTYNESIA_ID,BEAUTYNESIA_ID,lifestyle,beauty_personal_care,,,"Beautynesia is a beauty & personal care app by Beautynesia. It provides beauty news, product reviews, tutorials, and skincare content."
Behance,Behance,Behance,productivity_tools,office_collaboration,,,Behance is a creative portfolio app by Adobe. It provides a platform for showcasing and discovering design and creative work.
Belajar Parenting,BELAJAR_PARENTING,BELAJAR_PARENTING,health_wellness,maternal_family,,,Belajar Parenting is a maternal & family app. It provides parenting education and psychological well-being content for parents.
Bentoel Group,BENTOEL_GROUP,BENTOEL_GROUP,other,tobacco_device,,,Bentoel Group is a business operations app providing B2B distribution and retailer support for their tobacco brands. (App not found in Signature Apps Library — tags reflect original source identifiers.)
Berrybenka,BERRYBENKA,BERRYBENKA,commerce,fashion,,,Berrybenka is a fashion app by PT Berrybenka. It offers Indonesian women's fashion and beauty e-commerce.
Bershka,Bershka,Bershka,commerce,fashion,,,Bershka is a fashion app by Inditex. It provides fast fashion shopping for young adults.
BestPay,BESTPAY,BESTPAY,finance,payment_gateway,,,BestPay is a payment app by BestPay Solutions. It provides merchant payment acceptance and card-acquiring services.
BiP,BipMessenger,BipMessenger,communication,instant_messaging,,,"BiP is an instant messaging app by Turkcell. It offers messaging, voice and video calls, and additional communication features."
Bibit,BIBIT,BIBIT,finance,investment,,,Bibit is an investment app by PT Bibit Tumbuh Bersama (Stockbit Group). It offers robo-advisor mutual fund investing tailored for Indonesian retail investors.
Bible,Bible,Bible,information_education,religious,,,"Bible is a religious app by YouVersion. It provides Bible reading plans, audio, devotionals, and multiple translations."
Big Cartel,Bigcartel,Bigcartel,commerce,seller_tools,,,Big Cartel is a seller tools app by Big Cartel. It provides simple e-commerce store building for independent creators and artists.
Bilibili,Bilibili,Bilibili,entertainment,video_streaming,,,"Bilibili is a video streaming app by Bilibili Inc (China). It provides anime, gaming, and user-generated content with a bullet-comment system."
Binance,Binance,Binance,finance,crypto_digital_assets,,,"Binance is a crypto exchange app by Binance Holdings. It provides spot and futures trading, staking, and DeFi access for hundreds of cryptocurrencies."
Bing Maps,BingMap,BingMap,transportation,navigation_maps,,,"Bing Maps is a navigation & maps app by Microsoft. It provides mapping, directions, and location search services."
Bioskop Online,BIOSKOP_ONLINE,BIOSKOP_ONLINE,transportation,travel_booking,,,Bioskop Online is an entertainment streaming app by PT Bioskop Online Indonesia. It provides transactional online movie viewing for Indonesian films rather than travel booking.
Biznet,Biznet,Biznet,platform_system,telco_self_care,,,"Biznet is a telco self-care app by Biznet Networks. It provides internet service account management, billing, and customer support tools. (App not found in Signature Apps Library — tags reflect original source identifiers.)"
Black Myth: Wukong,BlackMythWukong,BlackMythWukong,entertainment,mobile_games,,,Black Myth: Wukong is a mobile game by Game Science. It is an action RPG based on the Chinese classic Journey to the West. (App not found in Signature Apps Library — tags reflect original source identifiers.)
Blibli,BLIBLI,Blibli,commerce,marketplace,,,Blibli is a marketplace app by PT Global Digital Niaga (Djarum Group). It offers curated e-commerce with genuine product guarantees and same-day delivery in Indonesia.
Blizzard,Blizzard,Blizzard,entertainment,mobile_games,,,Blizzard is a mobile game by Blizzard Entertainment (Microsoft). It covers Blizzard's mobile ports including Diablo Immortal and Hearthstone.
Blockman Go,BlockmanGo,BlockmanGo,entertainment,mobile_games,,,Blockman Go is a mobile game by Blockman Go Studio. It provides a platform of mini-games including bed wars and skyblock.
Blood Strike,BloodStrike,BloodStrike,entertainment,mobile_games,,,Blood Strike is a mobile game by NetEase. It is an FPS battle royale game with fast-paced combat. (App not found in Signature Apps Library — tags reflect original source identifiers.)
Bloomberg,Bloomberg,Bloomberg,information_education,news_media,,,"Bloomberg is a news & media app by Bloomberg. It provides business, finance, markets, and global economic news."
BlueStacks,Bulestacks,Bulestacks,entertainment,gaming_platform,,,BlueStacks is a gaming platform app by BlueStacks Inc. It is an Android emulator that allows mobile game play on PC and Mac.
Bluebird,MYBLUEBIRD,MYBLUEBIRD,transportation,ride_hailing,,,Bluebird is a ride hailing app by PT Blue Bird Tbk. It provides taxi booking and ride services in Indonesia.
Bluesky,Bluesky,Blueskysz,communication,social_network,,,Bluesky is a social network app by Bluesky PBLLC. It provides decentralized microblogging built on the AT Protocol.
Bobobox,BOBOBOX,BOBOBOX,transportation,travel_booking,,,Bobobox is a travel booking app by PT Bobobox Mitra Indonesia. It provides smart capsule hotel and compact-stay booking in Indonesia.
Bodybuilding.com,Bodybuilding,Bodybuilding,health_wellness,fitness_sport,,,"Bodybuilding.com is a fitness & sport app by Bodybuilding.com. It provides workout plans, fitness programs, and nutrition guidance."
Bolt,Bolt,Bolt,transportation,ride_hailing,,,Bolt is a ride hailing app by Bolt Technology. It provides ride-hailing and other local mobility services.
Bolt Driver,Boltdriver,Boltdriver,transportation,ride_hailing_driver,,,Bolt Driver is a ride hailing driver app by Bolt Technology. It provides order and earnings management for Bolt driver-partners.
Bolt Food,BoltFood,BoltFood,lifestyle,food_delivery,,,Bolt Food is a food delivery app by Bolt Technology. It provides on-demand restaurant food delivery and related local commerce services.
BookMyShow,BookMyShowEntertainment,BookMyShowEntertainment,transportation,travel_booking,,,"BookMyShow is a ticketing app by BookMyShow. It provides movie, event, and live entertainment ticket booking. (App not found in Signature Apps Library — tags reflect original source identifiers.)"
Booking.com,Booking,Booking,transportation,travel_booking,,,"Booking.com is a travel booking app by Booking.com, part of Booking Holdings. It provides hotel, apartment, and vacation rental booking worldwide."
Boomplay,Boomplay,Boomplay,entertainment,music_streaming,,,Boomplay is a music streaming app by Transsnet Music (Transsion). It provides music streaming focused on African and emerging market content.
Borobudur Marathon,BOROBUDUR_MARATHON,BOROBUDUR_MARATHON,health_wellness,fitness_sport,,,"Borobudur Marathon is a fitness & sport app. It provides event registration, race information, activity tracking, and live tracking for the Borobudur Marathon."
Bossini,Bossini,Bossini,commerce,fashion,,,Bossini is a fashion app by Bossini International. It offers casual fashion retail from the Hong Kong-based brand.
Brainly,Brainly,Brainly,information_education,general_education,,,Brainly is a general education app by Brainly. It provides student Q&A and homework help through a community-based platform.
Braintree,BRAINTREE,BRAINTREE,finance,payment_gateway,,,Braintree is a payment gateway app by PayPal (Braintree division). It provides payment processing SDKs for merchants and developers.
Brave Browser,BraveBrowser,BraveBrowser,productivity_tools,browser_search,,,Brave Browser is a browser & search app by Brave Software. It provides privacy-focused browsing with built-in ad and tracker blocking.
Brawl Stars,BrawlStars,BrawlStars,entertainment,mobile_games,,,Brawl Stars is a mobile game by Supercell. It is a fast-paced multiplayer brawler with various game modes.
Brawlhalla,Brawlhalla,Brawlhalla,entertainment,mobile_games,,,Brawlhalla is a mobile game by Blue Mammoth (Ubisoft). It is a free-to-play platform fighting game. (App not found in Signature Apps Library — tags reflect original source identifiers.)
British Airways,BritishAirways,BritishAirways,transportation,travel_booking,,,"British Airways is a travel booking app by British Airways. It provides flight booking, check-in, and Executive Club account services. (App not found in Signature Apps Library — tags reflect original source identifiers.)"
Bukalapak,Bukalapak,Bukalapak,commerce,marketplace,commerce,seller_tools,Bukalapak is a marketplace app by PT Bukalapak.com Tbk. It provides C2C and B2C e-commerce with a focus on empowering warung micro-retailers across Indonesia.
Bukopin,BUKOPIN_BANK,BUKOPIN_BANK,finance,mobile_banking,,,"Bukopin is a mobile banking app by Bank KB Bukopin. It provides transfers, bill payments, and account management."
Buku Bumil,BUKUBUMIL,BUKUBUMIL,health_wellness,healthcare_telemedicine,health_wellness,maternal_family,"Buku Bumil is a healthcare & telemedicine app. It provides pregnancy tracking, fetal development information, maternal health tools, and community features for Indonesian mothers."
BukuWarung,BUKUWARUNG,BUKUWARUNG,productivity_tools,business_operations,,,"BukuWarung is a business operations app by PT Buku Warung Digital Indonesia. It provides bookkeeping, invoicing, and payment tools for micro and small businesses."
Bumble,Bumble,Bumble,communication,dating_discovery,,,"Bumble is a dating and discovery app by Bumble Inc. It offers dating, friendship, and professional networking with a women-first messaging model."
Burger King,BurgerKing,BurgerKing,lifestyle,dining_fnb,,,"Burger King is a dining & FnB app by Burger King. It provides mobile ordering, offers, loyalty features, and restaurant information."
Buttonscarves,BUTTONSCARVES,BUTTONSCARVES,commerce,marketplace,,,"Buttonscarves is a fashion shopping app by PT Buttonscarves Indonesia. It sells premium hijabs, scarves, bags, and fashion accessories through its official direct-to-consumer channel."
CARiN,CARIN,CARIN,finance,payment_gateway,,,CARiN is a payment gateway app by PT Cakra Anugerah Indonesia. It provides digital insurance and payment services.
CBC News,CBC,CBC,information_education,news_media,,,CBC News is a news & media app by the Canadian Broadcasting Corporation. It provides Canadian and international news coverage.
CGV Cinemas,CGV_CINEMA,CGV_CINEMA,transportation,travel_booking,,,"CGV Cinemas is a cinema ticketing app by CGV. It provides movie schedules, seat selection, snack ordering, and ticket booking for CGV theaters."
CIMB Niaga,OCTO_CIMB|Cimbclicks,Cimbclicks|OCTO_CIMB,finance,mobile_banking,,,"CIMB Niaga is a mobile banking app by CIMB Niaga. It offers fund transfers, bill payments, and investment services."
CNBC,CNBC,CNBC,information_education,news_media,,,"CNBC is a news & media app by CNBC. It provides business news, market updates, and financial analysis."
CNET,Cnet,Cnet,information_education,news_media,,,"CNET is a news & media app by CNET. It provides technology news, product reviews, and buying advice."
CNKI,CNKI,CNKI,information_education,general_education,,,CNKI is a general education app by China National Knowledge Infrastructure. It provides access to Chinese academic literature and research databases.
CNN,CNN,CNN,information_education,news_media,,,"CNN is a news & media app by CNN. It provides breaking news, live video, and analysis on world events."
CUHK,Cuhk,Cuhk,information_education,general_education,,,CUHK is a general education app by The Chinese University of Hong Kong. It provides campus services and academic information for university users.
Cafe Bazaar,CafeBazaar,CafeBazaar,platform_system,app_store,,,Cafe Bazaar is an app store by Cafe Bazaar. It is a major Android app marketplace in Iran.
Cakap,CAKAP,CAKAP,information_education,general_education,,,Cakap is a general education app by PT Cakap Digital Teknologi. It provides live online classes for languages and other upskilling subjects.
Cake Learn English,CakeLearnEnglish,CakeLearnEnglish,information_education,general_education,,,Cake Learn English is a general education app by Cake. It provides bite-sized English learning lessons using real-life video clips.
Call of Duty,CallOfDuty,CallOfDuty,entertainment,mobile_games,,,Call of Duty is a mobile game by Activision (Microsoft). It offers first-person shooter multiplayer and battle royale modes.
CamScanner,CAMSCANNER,CAMSCANNER,productivity_tools,system_utility,,,"CamScanner is a system & utility app by IntSig. It provides document scanning, OCR, and PDF creation."
Cambridge,Cambridge_Org,Cambridge_Org,information_education,general_education,,,"Cambridge is a general education app by Cambridge University Press & Assessment. It provides English learning materials, dictionaries, and exam preparation resources."
Camera360,Camera360,Camera360,productivity_tools,design_editing,,,"Camera360 is a design & editing app by PinGuo. It provides camera filters, beauty effects, and photo editing."
Candy Crush Saga,CandyCrush,CandyCrush,entertainment,mobile_games,,,Candy Crush Saga is a mobile game by King (Activision Blizzard). It is a match-three puzzle game with thousands of levels.
Canva,Canva,Canva,productivity_tools,design_editing,productivity_tools,business_operations,"Canva is a design & editing app by Canva. It provides drag-and-drop graphic design for social media, presentations, and marketing materials."
CapCut,CapCut,CapCut,productivity_tools,design_editing,,,"CapCut is a design & editing app by ByteDance. It provides video editing with templates, effects, and AI-powered creative tools."
Capital Life,CAPITAL_LIFE_IDN,CAPITAL_LIFE_IDN,finance,insurance,,,Capital Life is an insurance app by Capital Life Indonesia. It provides life insurance and unit-linked investment products.
Capital One,Capitalone,Capitalone,finance,mobile_banking,,,"Capital One is a mobile banking app by Capital One Financial. It offers credit card management, savings accounts, and spending insights."
Careem,Careem,Careem,transportation,ride_hailing,,,Careem is a ride hailing app by Careem. It provides ride-hailing and related local services across the Middle East and nearby regions.
Carmudi,CARMUDI,CARMUDI,commerce,automotive_market,,,Carmudi is an automotive market app by Carmudi. It offers new and used car listings and dealer connections in Indonesia.
Carousell,Carousell,Carousell,platform_system,app_store,,,Carousell is a marketplace app by Carousell. It provides a platform for buying and selling secondhand goods.
Carsome,CARSOME,CARSOME,commerce,automotive_market,,,Carsome is an automotive market app by Carsome Group. It provides inspected and certified used car buying and selling across Southeast Asia.
Casetify,Casetify,Casetify,commerce,fashion,,,"Casetify is a fashion app by Casetify. It sells custom-designed phone cases, Apple Watch bands, and tech accessories."
Cashlez,CASHLEZ,CASHLEZ,productivity_tools,business_operations,,,Cashlez is a business operations app by PT Cashlez Worldwide Indonesia. It provides payment acceptance and merchant services for businesses.
Casio Watches,CASIO_WATCH,CASIO_WATCH,commerce,marketplace,,,"Casio Watches is a lifestyle and connected-watch companion app by Casio. It supports Casio watch connectivity, settings, activity data, and related brand features."
Cathay Pacific,Cathaypacific,Cathaypacific,transportation,travel_booking,,,"Cathay Pacific is a travel booking app by Cathay Pacific. It provides flight booking, check-in, and loyalty-related travel services."
Cazh POS,CAZHPOS,CAZHPOS,productivity_tools,business_operations,,,Cazh POS is a business operations app. It provides POS and cashier tools for small businesses.
Cermati,CERMATI,CERMATI,finance,p2p_lending,,,Cermati is a P2P lending app by PT Cermati Fintek Indonesia. It provides financial product comparisons and personal loan marketplace.
Chanel,Chanel,Chanel,commerce,fashion,,,"Chanel is a fashion app by Chanel S.A. It showcases luxury fashion collections, beauty products, and boutique locations."
Channel NewsAsia,Channelnewsasia,Channelnewsasia,information_education,news_media,,,"Channel NewsAsia is a news & media app by CNA, part of Mediacorp. It provides Asian and international news coverage."
Character AI,CharacterAI,CharacterAI,productivity_tools,ai_assistant,,,"Character AI is an AI assistant app by Character.AI. It provides conversational AI characters for entertainment, companionship, and roleplay. (App not found in Signature Apps Library — tags reflect original source identifiers.)"
ChatGPT,ChatGPT|OpenAI,ChatGPT,productivity_tools,ai_assistant,,,"ChatGPT is an AI assistant app by OpenAI. It provides conversational AI for question answering, writing, coding, and reasoning tasks."
Chess.com,ChessPlayAndLearn,ChessPlayAndLearn,entertainment,mobile_games,,,"Chess.com is a mobile game by Chess.com LLC. It provides online chess matches, puzzles, lessons, and tournaments."
Choco Chips,CHOCOCHIPS,CHOCOCHIPS,lifestyle,dining_fnb,,,"Choco Chips is a lifestyle app by Chocochips Boutique, offering a mobile shopping platform for women's fashion and apparel."
Cinema XXI,21CINEPLEX,21CINEPLEX,transportation,travel_booking,,,"Cinema XXI is a cinema ticketing app by PT Nusantara Sejahtera Raya. It provides movie schedules, seat booking, and ticket purchase for Cinema XXI theaters."
Cineplex,Cineplex,Cineplex,transportation,travel_booking,,,"Cineplex is a cinema ticketing app by Cineplex Entertainment. It provides movie schedules, cinema ticket booking, and theater-related services."
Cinepolis,Cinepolis,Cinepolis,transportation,travel_booking,,,Cinepolis is a cinema ticketing app by Cinépolis. It provides movie schedules and ticket booking for Cinépolis cinemas.
Cinestar,Cinestar,Cinestar,transportation,travel_booking,,,Cinestar is a cinema ticketing app by CineStar. It provides movie schedules and ticket booking for CineStar cinemas.
Citibank,Citibank,Citibank,finance,mobile_banking,,,"Citibank is a mobile banking app by Citigroup. It provides credit card management, fund transfers, and investment access."
Clash Royale,ClashRoyale,ClashRoyale,entertainment,mobile_games,,,Clash Royale is a mobile game by Supercell. It is a real-time strategy card game with tower defense combat.
Clash of Clans,ClashOfClans,ClashOfClans,entertainment,mobile_games,,,"Clash of Clans is a mobile game by Supercell. It is a strategy game where players build villages, train troops, and raid other players."
Clash of Kings,ClashOfKings,ClashOfKings,entertainment,mobile_games,,,Clash of Kings is a mobile game by Elex Tech. It is an MMO strategy game with castle building and alliance warfare.
ClassPass,CLASS_PASS,CLASS_PASS,health_wellness,fitness_sport,,,"ClassPass is a fitness & sport app by ClassPass. It provides access to fitness classes, gyms, and wellness services through membership plans. (App not found in Signature Apps Library — tags reflect original source identifiers.)"
Claude,Claude,Claude,productivity_tools,ai_assistant,,,"Claude is an AI assistant app by Anthropic. It provides conversational AI for writing, analysis, coding, and reasoning tasks. (App not found in Signature Apps Library — tags reflect original source identifiers.)"
Clover,CLOVER,Cloverlab,productivity_tools,business_operations,,,"Clover is a business operations app by Clover, part of Fiserv. It provides POS software and merchant tools for retailers and restaurants."
Clue,PeriodTrackerClue,PeriodTrackerClue,health_wellness,healthcare_telemedicine,,,Clue is a healthcare & telemedicine app by BioWink GmbH. It provides menstrual cycle tracking and reproductive health insights.
Coffee Meets Bagel,CMB_DATING,CMB_DATING,communication,dating_discovery,,,Coffee Meets Bagel is a dating and discovery app by Coffee Meets Bagel. It provides curated daily match suggestions for relationship-focused dating.
CoinMarketCap,CoinMarketCap,CoinMarketCap,finance,crypto_digital_assets,,,"CoinMarketCap is a crypto data and tracking app by CoinMarketCap (Binance). It provides real-time prices, charts, and portfolio tracking for thousands of cryptocurrencies."
CommBank,COMMBANK_BANK,COMMBANK_BANK,finance,mobile_banking,,,"CommBank is a mobile banking app by Commonwealth Bank. It offers account management, transfers, and financial product access."
Cookie Run,CookieRun,CookieRun,entertainment,mobile_games,,,Cookie Run is a mobile game by Devsisters. It is an endless runner and kingdom-building game featuring cookie characters. (App not found in Signature Apps Library — tags reflect original source identifiers.)
Coursera,Coursera,Coursera,information_education,general_education,,,"Coursera is a general education app by Coursera. It provides online courses, certificates, and degree-related learning from universities and companies."
Crowde,CROWDE,CROWDE,finance,crowdfunding,,,Crowde is a crowdfunding app by PT Crowde Membangun Bangsa. It connects investors with agricultural projects for social-impact crowdfunding.
Crowdo,CROWDO,CROWDO,finance,crowdfunding,,,Crowdo is a crowdfunding app by Crowdo Holdings. It provides equity and debt crowdfunding for startups and SMEs in Southeast Asia.
Crypto.com,Crypto_com,Crypto_com,finance,crypto_digital_assets,,,"Crypto.com is a crypto exchange and wallet app by Crypto.com. It provides crypto trading, staking, Visa card integration, and DeFi access."
Ctrip,Ctrip,Ctrip,transportation,travel_booking,,,"Ctrip is a travel booking app by Trip.com Group. It provides flights, hotels, trains, tours, and other travel bookings."
DANA,DANA|Dana,DANA,finance,e_wallet,,,"DANA is an e-wallet app by PT Espay Debit Indonesia Koe. It offers QR payments, bill splits, e-commerce checkout, and financial services."
DAYA AUTO,DAYA_AUTO,DAYA_AUTO,lifestyle,automotive_owner_service,,,DAYA AUTO is an automotive owner service app by PT Daya Adicipta Motora for Honda motorcycle service booking and parts in Indonesia. (App not found in Signature Apps Library — tags reflect original source identifiers.)
DAZN,Dazn,Dazn,health_wellness,fitness_sport,,,DAZN is a fitness & sport app by DAZN Group. It provides live and on-demand sports streaming.
DBS,DBS_DIGIBANK|Dbs,DBS_DIGIBANK|Dbs,finance,mobile_banking,,,"DBS is a mobile banking app by DBS Bank. It provides digital banking services including transfers, investments, and rewards."
DHL,Dhl,Dhl,transportation,logistics_delivery,,,"DHL is a logistics & delivery app by DHL. It provides international shipping, parcel tracking, and logistics-related services."
DHgate,DHgate,DHgate,commerce,marketplace,,,DHgate is a marketplace app by DHgate.com. It connects international buyers with Chinese wholesalers for B2B and B2C cross-border trade. (App not found in Signature Apps Library — tags reflect original source identifiers.)
DIKTI,DIKTI,DIKTI,platform_system,government,,,DIKTI is a government education app associated with Indonesia's higher education system. It provides higher education information and related academic services.
DOWN Dating,DOWN_Dating,DOWN_Dating,communication,dating_discovery,,,DOWN Dating is a dating and discovery app by DOWN. It offers matching for casual dating and relationships.
DUMI,DUMI,DUMI,information_education,general_education,,,DUMI is a general education app that provides language learning and vocabulary building tools through gamified lessons.
Daihatsu,DAIHATSUKU,DAIHATSUKU,lifestyle,automotive_owner_service,,,"Daihatsu is an automotive owner service app by Astra Daihatsu Motor. It provides service booking, maintenance information, and owner support."
Dailymotion,Dailymotion,Dailymotion,entertainment,video_streaming,,,Dailymotion is a video streaming app by Vivendi. It offers user-uploaded and publisher video content.
Dana Syariah,DANA_SYARIAH,DANA_SYARIAH,finance,investment,,,Dana Syariah is an investment app by PT Dana Syariah Indonesia. It offers sharia-compliant P2P lending for property financing.
DanaBagus,DANABAGUS,DANABAGUS,finance,payment_gateway,,,DanaBagus is a payment gateway app by PT Dana Bagus Indonesia. It offers personal microloans through a mobile application.
DanaCita,DANACITA,DANACITA,finance,p2p_lending,,,"DanaCita is an education financing app by PT Inclusive Finance Group. It provides buy-now-pay-later instalment plans for tuition, courses, and study-abroad expenses."
DanaID,DANAIID,DANAIID,finance,payment_gateway,,,DanaID is a payment gateway app by PT DanaID Pinjaman Daring. It provides consumer microloans via a digital platform.
DanaKini,DANAKINI,DANAKINI,finance,payment_gateway,,,DanaKini is a payment gateway app by PT DanaKini Indonesia. It offers short-term consumer loans through a digital application.
DanaMerdeka,DANAMERDEKA,DANAMERDEKA,finance,investment,,,DanaMerdeka is an investment app by PT Dana Merdeka. It provides retail investment access to small-cap mutual funds and savings bonds.
DanaRupiah,DANARUPIAH,DANARUPIAH,finance,payment_gateway,,,DanaRupiah is a payment gateway app by PT DanaRupiah Apps. It provides online personal loans in Indonesia.
Danamas,DANAMAS,DANAMAS,finance,investment,,,"Danamas is an investment app by PT Pasar Dana Pinjaman (Sinar Mas Group). It is Indonesia's first licensed P2P lending platform, connecting funders with MSME borrowers."
DangDang,DangDang,DangDang,commerce,marketplace,,,"DangDang is a marketplace app by Dangdang (China). It offers books, media, and general merchandise e-commerce in the Chinese market."
Dapur Umami,DAPURUMAMI,DAPURUMAMI,information_education,cooking_recipes,,,"Dapur Umami is a cooking & recipes app by Ajinomoto Indonesia. It provides Indonesian recipes, cooking inspiration, and food tips."
Dating.com,Datingcom,Datingcom,communication,dating_discovery,,,Dating.com is a dating and discovery app by Dating.com. It provides international online dating and matchmaking features.
DeepSeek,DeepSeek,DeepSeek,productivity_tools,ai_assistant,,,DeepSeek is an AI assistant app by DeepSeek. It provides large language model-based AI assistance focused on reasoning and coding. (App not found in Signature Apps Library — tags reflect original source identifiers.)
Deezer,Deezer,Deezer,entertainment,music_streaming,,,Deezer is a music streaming app by Deezer S.A. It provides music streaming with Hi-Fi audio and Flow personalized playlist.
Dekoruma,DEKORUMA,DEKORUMA,commerce,home_living,,,"Dekoruma is a home & living app by PT Dekoruma Inovasi Lestari. It offers furniture, home decor, and interior design services in Indonesia."
Deliveree,DELIVEREE,DELIVEREE,transportation,logistics_delivery,,,"Deliveree is a logistics & delivery app by Deliveree. It provides on-demand trucking, van, and logistics booking for businesses and individuals."
Detik News,Detik_News,Detik_News,information_education,news_media,,,"Detik News is a news & media app by detikcom (Trans Digital Media). It provides Indonesian breaking news, features, and lifestyle content across multiple categories."
DeviantArt,Deviantart,Deviantart,platform_system,app_store,,,"DeviantArt is a creative community platform by DeviantArt. It provides artwork sharing, discovery, and creator community features."
Dhanapala,DHANAPALA,DHANAPALA,finance,investment,,,Dhanapala is an investment app by PT Dhanapala Teradata Indonesia. It provides P2P lending for SME business loans.
DiDi,DiDiTaxi,DiDiTaxi,transportation,ride_hailing,,,DiDi is a ride hailing app by DiDi Global. It provides ride-hailing and mobility services in multiple international markets.
Diary Bunda,DIARYBUNDA,DIARYBUNDA,health_wellness,maternal_family,,,Diary Bunda is a maternal & family app by Alodokter Group. It provides pregnancy tracking and maternal and child health guidance for Indonesian mothers.
DingTalk,DingTalk,DingTalk,productivity_tools,office_collaboration,,,"DingTalk is an office & collaboration app by Alibaba. It provides enterprise chat, meetings, workflow, and attendance tools."
Discord,Discord,Discord,communication,instant_messaging,entertainment,gaming_platform,"Discord is an instant messaging app by Discord Inc. It provides text, voice, and video chat organized into servers and channels."
Disney+,DisneyPlus,DisneyPlus,entertainment,video_streaming,,,"Disney+ is a video streaming app by The Walt Disney Company. It streams Disney, Pixar, Marvel, Star Wars, and National Geographic content."
Disqus,Disqus,Disqus,communication,social_network,,,Disqus is a social network app by Disqus. It provides website comment hosting and online discussion community features.
Djarum,DJARUM|DJARUM_SUPER,DJARUM|DJARUM_SUPER,other,tobacco_device,,,Djarum is a business operations app for B2B logistics and retailer management within the Djarum distribution network. (App not found in Signature Apps Library — tags reflect original source identifiers.)
Domino's Pizza,DOMINOS|DominosPizza,DOMINOS|DominosPizza,lifestyle,dining_fnb,,,"Domino's Pizza is a dining & FnB app by Domino's. It provides pizza ordering, delivery tracking, offers, and store services."
Dompet Kilat,DOMPET_KILAT,DOMPET_KILAT,finance,e_wallet,,,Dompet Kilat is an e-wallet app by PT Indo Fin Tek. It offers quick digital payments and cash loans in Indonesia.
Doogee Watch,DOOGEE_WATCH,DOOGEE_WATCH,health_wellness,health_wearables,,,"Doogee Watch is a health wearables app by Doogee. It connects to Doogee wearables to record sports data, heart rate, and sleep quality."
Dota 2,Dota2,Dota2,entertainment,mobile_games,,,Dota 2 is a mobile game by Valve Corporation. It is a complex 5v5 MOBA with deep strategy and esports scene.
DouBao,DouBao,DouBao,productivity_tools,ai_assistant,,,DouBao is an AI assistant app by ByteDance. It provides a Chinese-language conversational AI assistant for general tasks.
Douguo Food,DouGuoFood,DouGuoFood,information_education,cooking_recipes,,,"Douguo Food is a cooking & recipes app by Douguo. It provides recipe sharing, meal ideas, and cooking community features."
Doyan Kuliner,DOYANKULINER,DOYANKULINER,lifestyle,dining_fnb,,,Doyan Kuliner is a dining & FnB app serving as a discovery and recommendation platform for Indonesian local food and restaurants.
Dragon Ball Legends,DragonBallLegends,DragonBallLegends,entertainment,mobile_games,,,Dragon Ball Legends is a mobile game by Bandai Namco. It is an action fighting game featuring Dragon Ball characters.
Dragon Nest,DragonNest,DragonNest,entertainment,mobile_games,,,Dragon Nest is a mobile game by Eyedentity Games. It is an action MMORPG with fast-paced combo combat.
DramaBox,DramaBox,DramaBox,entertainment,video_streaming,,,DramaBox is a video streaming app by Storymatrix. It offers short-form episodic drama content in bite-sized vertical format.
DramaWave,DramaWave,DramaWave,entertainment,video_streaming,,,DramaWave is a video streaming app. It provides short-form drama series for mobile streaming. (App not found in Signature Apps Library — tags reflect original source identifiers.)
Dream League Soccer,DreamLeagueSoccer,DreamLeagueSoccer,entertainment,mobile_games,,,Dream League Soccer is a mobile game by First Touch Games. It is a football management and gameplay simulation.
Dream.co.id,DREAM_CO_ID,DREAM_CO_ID,information_education,news_media,,,"Dream.co.id is a news & media app by PT Dream Sentosa Indonesia. It provides Indonesian lifestyle, entertainment, and news content."
Dreamstime,Dreamstime,Dreamstime,platform_system,app_store,,,Dreamstime is a stock media platform by Dreamstime. It provides royalty-free stock photography and image licensing.
DroidVPN,DroidVPN,DroidVPN,productivity_tools,system_utility,,,DroidVPN is a system & utility app by DroidVPN. It provides VPN proxy services for Android devices.
Dropbox,Dropbox,Dropbox,productivity_tools,cloud_storage_file_sharing,,,"Dropbox is a cloud storage app by Dropbox. It provides file storage, sync, sharing, and collaboration across devices."
Dubsmash,Dubsmash,Dubsmash,communication,social_network,,,Dubsmash was a social video app. It offered short lip-sync and dance video creation and sharing.
DuckDuckGo,Duckduckgo,Duckduckgo,productivity_tools,browser_search,,,DuckDuckGo is a browser & search app by DuckDuckGo. It provides privacy-focused search and browsing tools.
Duha Syariah,DUHA_SYARIAH,DUHA_SYARIAH,finance,insurance,,,Duha Syariah is an insurance app by PT Asuransi Jiwa Syariah Jasa Mitra Abadi. It offers sharia-compliant life insurance.
Duitku,DUITKU,DUITKU,finance,e_wallet,,,Duitku is an e-wallet and payment gateway app by PT Duitku Indonesia. It provides payment processing for merchants and consumers.
Duolingo,Duolingo,Duolingo,information_education,general_education,,,Duolingo is a general education app by Duolingo. It provides gamified language learning across many languages.
EA Games,EAGamesFlat|Easports,EAGamesFlat|Easports,entertainment,gaming_platform,,,"EA Games is a gaming platform app by Electronic Arts. It provides game distribution for EA titles including FIFA, Madden, and Apex Legends."
ECI,ECI_ID,ECI_ID,commerce,marketplace,,,ECI is a shopping app by ECI. It provides marketplace-related online retail services through the ECI platform.
EJOY,EJOY,EJOY,information_education,general_education,,,"EJOY is a general education app by eJOY. It provides English learning through videos, subtitles, and vocabulary tools."
ELSA Speak,ELSASpeak,Speak,information_education,general_education,,,ELSA Speak is a general education app by ELSA. It provides AI-powered English pronunciation and speaking practice.
ESPN,Espn,Espn,information_education,news_media,,,"ESPN is a news & media app by ESPN. It provides sports news, scores, highlights, and live event coverage."
EasyCash,EASYCASH,EASYCASH,finance,payment_gateway,,,EasyCash is a payment gateway app by PT Indonesia Fintopia Technology. It provides consumer microloans with fast disbursement.
EasyJet,Easyjet,Easyjet,transportation,travel_booking,,,"EasyJet is a travel booking app by easyJet. It provides budget flight booking, check-in, and trip management for European routes."
Eatigo,Eatigo,Eatigo,lifestyle,dining_fnb,,,"Eatigo is a dining & FnB app by Eatigo. It provides restaurant discovery, reservations, and time-based dining discounts."
EgyptAir,EgyptAir,EgyptAir,transportation,travel_booking,,,EgyptAir is a travel booking app by EgyptAir. It provides flight booking and passenger travel services for the airline. (App not found in Signature Apps Library — tags reflect original source identifiers.)
Elbina Hijab,ELBINA_HIJAB,ELBINA_HIJAB,commerce,fashion,,,Elbina Hijab is a fashion app. It offers Muslim women's hijab and modest fashion retail in Indonesia.
Ele.me,Eleme,Eleme,lifestyle,food_delivery,,,Ele.me is a food delivery app by Alibaba Group. It provides on-demand food delivery and local lifestyle services in China.
Elevenia,Elevenia,Elevenia,commerce,marketplace,,,Elevenia was an Indonesian marketplace app by PT XL Planet that operated as a C2C and B2C e-commerce platform.
Elzatta,ELZATTA,ELZATTA,commerce,fashion,,,Elzatta is a fashion app by PT Elzatta Hijab Indonesia. It provides modest fashion and hijab collections for Indonesian women.
Embassies,EMBASSY_JAPAN|EMBASSY_USA|EMBASSY_MALAYSIA|EMBASSY_NETHERLANDS|EMBASSY_AUSTRALIA|EMBASSY_CHINA|EMBASSY_GERMANY|EMBASSY_SOUTH_KOREA|EMBASSY_FRANCE|EMBASSY_THAILAND|EMBASSY_SINGAPORE|EMBASSY_UAE|EMBASSY_VIETNAM|EMBASSY_INDIA|EMBASSY_PHILIPPINES|EMBASSY_TURKI|EMBASSY_NEW_ZEALAND|EMBASSY_QATAR|EMBASSY_MALDIVES,EMBASSY_AUSTRALIA|EMBASSY_CHINA|EMBASSY_FRANCE|EMBASSY_GERMANY|EMBASSY_INDIA|EMBASSY_JAPAN|EMBASSY_MALAYSIA|EMBASSY_MALDIVES|EMBASSY_NETHERLANDS|EMBASSY_NEW_ZEALAND|EMBASSY_PHILIPPINES|EMBASSY_QATAR|EMBASSY_SINGAPORE|EMBASSY_SOUTH_KOREA|EMBASSY_THAILAND|EMBASSY_TURKI|EMBASSY_UAE|EMBASSY_USA|EMBASSY_VIETNAM,platform_system,government,,,Embassies is a government and reference app providing directory information and contact details for diplomatic missions worldwide.
Emirates,Emirates,Emirates,transportation,travel_booking,,,"Emirates is a travel booking app by Emirates. It provides flight booking, check-in, and Emirates Skywards account services."
Envato,Envato,Envato,platform_system,app_store,,,"Envato is a digital asset marketplace by Envato. It provides themes, templates, graphics, audio, and creative resources."
Epic Games,Epicgames,Epicgames,entertainment,gaming_platform,,,"Epic Games is a gaming platform app by Epic Games. It provides the Epic Games Store, Fortnite launcher, and Unreal Engine access."
Epic Seven,EpicSeven,EpicSeven,entertainment,mobile_games,,,Epic Seven is a mobile game by Smilegate/Super Creative. It is an anime-style turn-based RPG with gacha mechanics.
Esta Kapital,ESTA_KAPITAL_LEND,ESTA_KAPITAL_LEND,finance,investment,,,Esta Kapital is an investment app. It offers P2P lending and investment services in Indonesia.
Etsy,Etsy,Etsy,commerce,marketplace,,,"Etsy is a marketplace app by Etsy Inc. It provides a marketplace for handmade, vintage, and unique creative goods from independent sellers."
Eventim,Eventim,Eventim,transportation,travel_booking,,,"Eventim is an event ticketing app by CTS Eventim. It provides concert, festival, and event ticket booking."
Evernote,Evernote,Evernote,productivity_tools,office_collaboration,,,"Evernote is an office & collaboration app by Evernote. It provides note-taking, organization, scanning, and sync across devices."
Expedia,Expedia,Expedia,transportation,travel_booking,,,"Expedia is a travel booking app by Expedia Group. It provides flights, hotels, car rentals, and vacation package booking globally."
Ezurance,EZURANCE,EZURANCE,finance,insurance,,,Ezurance is an insurance app. It provides digital insurance comparison and purchasing services.
FIFA,Fifa,Fifa,health_wellness,fitness_sport,,,"FIFA is a fitness & sport app by FIFA. It provides football news, live match information, fantasy features, and FIFA tournament content."
FIFA Mobile,FIFAMobileSoccer,FIFAMobileSoccer,entertainment,mobile_games,,,FIFA Mobile is a mobile game by EA Sports. It offers licensed football gameplay with team building and live events.
FOOM,FOOM,FOOM,other,tobacco_device,,,FOOM is a tobacco and lifestyle app for managing FOOM e-cigarette devices and accessing community loyalty rewards. (App not found in Signature Apps Library — tags reflect original source identifiers.)
FTL Gym,FTL_GYM,FTL_GYM,health_wellness,fitness_sport,,,"FTL Gym is a fitness & sport app. It provides gym membership access, class booking, and personal training management."
FWD,FWD_MAX,FWD_MAX,finance,insurance,,,FWD is an insurance app by FWD Group. It offers life and health insurance with digital-first policy management and claims.
Fabelio,FABELIO,FABELIO,commerce,home_living,,,Fabelio was a home & living e-commerce brand in Indonesia focused on modern furniture and home goods.
FaceApp,FaceApp,FaceApp,productivity_tools,design_editing,,,FaceApp is a design & editing app by FaceApp Technology. It provides AI-based face editing and transformation effects.
FaceTime,Facetime,Facetime,communication,instant_messaging,,,FaceTime is a communication app by Apple. It provides audio and video calling across Apple devices.
FaceU,Faceu,Faceu,productivity_tools,design_editing,,,"FaceU is a design & editing app. It provides beauty camera filters, stickers, and AR face effects."
Facebook,Facebook,Facebook,communication,social_network,,,"Facebook is a social network app by Meta Platforms. It provides social networking with feeds, groups, marketplace, and events."
Facebook Messenger,Facebook_Messenger,Facebook_Messenger,communication,social_network,,,"Facebook Messenger is a messaging app by Meta Platforms. It provides text messaging, voice and video calls, and chat features connected to Facebook accounts."
Fadkhera,FADKHERA,FADKHERA,commerce,fashion,,,Fadkhera is a fashion app. It offers fashion and modest wear products in Indonesia.
Family Island,FamilyIsland,FamilyIsland,entertainment,mobile_games,,,Family Island is a mobile game by Melsoft Games. It is a farming adventure game set on a prehistoric island.
FamilyDoctor,Familydoctor,Familydoctor,health_wellness,healthcare_telemedicine,,,"FamilyDoctor is a healthcare & telemedicine app. It provides doctor appointment booking, clinic access, and telehealth-related services."
Farfetch,Farfetch,Farfetch,commerce,fashion,,,Farfetch is a fashion app by Farfetch. It provides luxury fashion e-commerce connecting boutiques and designers worldwide.
Fastwork,FASTWORK,FASTWORK,lifestyle,job_freelance,,,Fastwork is a job & freelance app by Fastwork. It connects clients with freelancers for digital and professional services. (App not found in Signature Apps Library — tags reflect original source identifiers.)
FatSecret,FatSecret,FatSecret,health_wellness,healthcare_telemedicine,,,"FatSecret is a healthcare & telemedicine app by FatSecret. It provides calorie counting, food diary, nutrition tracking, and weight management tools."
Female Daily,FemaleDaily,FemaleDaily,information_education,news_media,,,"Female Daily is a news & media app by Female Daily Network. It provides beauty product reviews, recommendations, trends, and community content in Indonesia."
Femina,Femina,Femina,information_education,news_media,,,"Femina is a news & media app by Femina Group. It provides women's lifestyle, fashion, relationship, and health content in Indonesia."
Financial Times,FinancialTimes,FinancialTimes,information_education,news_media,,,"Financial Times is a news & media app by the Financial Times. It provides global business, markets, and economic journalism."
Finata,FINATA,FINATA,productivity_tools,business_operations,,,Finata is a business operations app by PT Finata Inovasi Keuangan. It provides bookkeeping and financial management tools for SMEs.
Find My Kids,FIND_MY_KIDS,FIND_MY_KIDS,health_wellness,maternal_family,,,"Find My Kids is a maternal & family app by GEO TRACK TECHNOLOGIES INC. It provides GPS child location tracking, alerts, and parental control features."
Findaya,FINDAYA,FINDAYA,finance,p2p_lending,,,Findaya is a digital lending app. Its current product offering and corporate identity require manual verification against the current app-store listing before use.
Fishdom,Fishdom,Fishdom,entertainment,mobile_games,,,Fishdom is a mobile game by Playrix. It is a match-three puzzle game with aquarium decoration.
FitBest,FitBest,FitBest,health_wellness,fitness_sport,,,FitBest is a fitness & sport app. It provides online fitness programs and wellness guidance.
FitHub,FITHUB,FITHUB,health_wellness,fitness_sport,,,"FitHub is a fitness & sport app by PT Jaya Digital Properti. It provides gym membership access, class booking, and workout-related services."
Fitbit,Fitbit,Fitbit,health_wellness,health_wearables,,,"Fitbit is a health wearables app by Google. It syncs with Fitbit devices for activity, sleep, heart rate, and health monitoring."
Fitness,Fitness,Fitness,health_wellness,fitness_sport,,,"Fitness is a fitness & sport app by Apple Inc. (or Google, depending on OS). It tracks daily activity, workout metrics, and rings-based progress to encourage physical movement."
Fiverr,FIVERR,Fiverrexplosion,lifestyle,job_freelance,,,"Fiverr is a job & freelance app by Fiverr. It provides a marketplace for freelance services across creative, technical, and business categories."
FlashScore,Flashscore,Flashscore,health_wellness,fitness_sport,,,"FlashScore is a fitness & sport app by Livesport. It provides real-time sports scores, fixtures, standings, and match updates."
FlickReels,FlickReels,FlickReels,communication,short_video_live,,,FlickReels is a short drama video app. It provides vertical short drama series and mini-shows for mobile viewers. (App not found in Signature Apps Library — tags reflect original source identifiers.)
Flickr,Flickr,Flickr,platform_system,app_store,,,"Flickr is a photo platform by SmugMug. It provides photo hosting, sharing, and community features for photographers."
Flipboard,Flipboard,Flipboard,information_education,news_media,,,Flipboard is a news & media app by Flipboard. It provides personalized news and magazine-style content curation from multiple publishers.
Flipkart,Flixcart|Flipkart,Flipkart|Flixcart,commerce,marketplace,,,"Flipkart is a marketplace app by Flipkart (Walmart). It is India's leading e-commerce platform offering electronics, fashion, and groceries."
Flo Health,FloHealth,FloHealth,health_wellness,healthcare_telemedicine,,,"Flo Health is a healthcare & telemedicine app by Flo Health Inc. It offers period tracking, ovulation prediction, and reproductive health insights."
Flynas,Flynas,Flynas,transportation,travel_booking,,,Flynas is a travel booking app by flynas. It provides low-cost flight booking and airline passenger services.
Food Network,FOODNETWORK,FOODNETWORK,information_education,cooking_recipes,,,"Food Network is a cooking & recipes app by Food Network. It provides recipes, cooking videos, and food inspiration."
Foodpanda,Foodpanda,Foodpanda,lifestyle,food_delivery,,,Foodpanda is a food delivery app by Delivery Hero. It provides food and grocery delivery across Asia and other markets.
Foot Locker,Footlocker,Footlocker,commerce,fashion,,,"Foot Locker is a fashion app by Foot Locker Inc. It offers athletic footwear, apparel, and sneaker release reservations."
Football Strike,FootballStrike,FootballStrike,entertainment,mobile_games,,,Football Strike is a mobile game by Miniclip. It is a multiplayer free-kick and goalkeeper football game.
Forbes,Forbes,Forbes,information_education,news_media,,,"Forbes is a news & media app by Forbes Media. It provides business, investing, leadership, and entrepreneurship coverage."
Ford,Ford,Ford,lifestyle,automotive_owner_service,,,"Ford is an automotive owner service app by Ford. It provides connected vehicle controls, service scheduling, and owner support features."
Fore Coffee,FORECOFFEE,FORECOFFEE,lifestyle,dining_fnb,,,"Fore Coffee is a dining & FnB app by PT Fore Kopi Indonesia. It provides mobile ordering, pickup, delivery, and loyalty features for Fore Coffee customers."
Fortnite,Fortnite,Fortnite,entertainment,mobile_games,,,Fortnite is a mobile game by Epic Games. It is a battle royale and creative sandbox game with cultural crossover events.
FotMob,Fotmob,Fotmob,health_wellness,fitness_sport,,,"FotMob is a fitness & sport app by FotMob. It provides live football scores, news, statistics, and match analysis."
Fox News,FoxNews,FoxNews,information_education,news_media,,,"Fox News is a news & media app by Fox News Media. It provides US and international news, opinion, and live programming."
Fox Sports,FoxSports,FoxSports,health_wellness,fitness_sport,,,"Fox Sports is a fitness & sport app by Fox Corporation. It provides sports news, scores, and live sports-related content."
Free Fire,FreeFire,FreeFire,entertainment,mobile_games,,,Free Fire is a mobile game by Garena (Sea Group). It is a fast-paced battle royale shooter popular in emerging markets.
Free Now,Mytaxi,Mytaxi,transportation,ride_hailing,,,"Free Now is a ride hailing app by FREENOW. It provides taxi, ride-hailing, and mobility services in Europe."
Freepik,Freepik,Freepik,platform_system,app_store,,,"Freepik is a digital asset platform by Freepik Company. It provides graphic resources, vectors, templates, and stock images."
Freshdesk,Freshdesk,Freshdesk,productivity_tools,business_operations,,,"Freshdesk is a business operations app by Freshworks. It provides helpdesk, ticketing, and customer support management."
Fun Games For Free,FunGamesForFree,FunGamesForFree,entertainment,gaming_platform,,,Fun Games For Free is a gaming platform app. It distributes casual free-to-play mobile games.
G2A,G2A,G2A,entertainment,gaming_platform,,,"G2A is a gaming platform app by G2A.com. It is a marketplace for game keys, software, and digital goods."
GOOSE VPN,GOOSEVPN,GOOSEVPN,productivity_tools,system_utility,,,GOOSE VPN is a system & utility app by GOOSE VPN. It provides VPN privacy and encrypted browsing services.
Gameloft,GameLoft,GameLoft,entertainment,mobile_games,,,Gameloft is a mobile game by Gameloft (Vivendi). It develops and publishes mobile games including Asphalt and Dungeon Hunter series.
GamesBean,Gamesbean,Gamesbean,entertainment,gaming_platform,,,GamesBean is a gaming platform app. It provides mobile game distribution.
GandengTangan,GANDENGTANGAN,GANDENGTANGAN,finance,crowdfunding,,,GandengTangan is a crowdfunding app by PT Gandeng Tangan Indonesia. It offers micro-lending crowdfunding for small business empowerment.
Garasi.id,GARASIID,GARASIID,commerce,automotive_market,,,Garasi.id is an automotive market app by PT Garasi Digital Indonesia. It offers used car marketplace with inspection and financing.
Garda Mobile,GARDA_MOBILE,GARDA_MOBILE,finance,insurance,,,"Garda Mobile is an insurance app by Asuransi Astra. It provides motor insurance, e-policy, emergency roadside assistance, and claims tracking."
Gardenscapes,Gardenscapes,Gardenscapes,entertainment,mobile_games,,,Gardenscapes is a mobile game by Playrix. It is a match-three puzzle game with garden renovation storyline.
Garena,Garena,Garena,entertainment,gaming_platform,,,Garena is a gaming platform app by Garena (Sea Group). It serves as a game distribution and community platform for Southeast Asia.
Garmin,Garmin|GARMIN_WATCH,GARMIN_WATCH|Garmin,health_wellness,health_wearables,,,"Garmin is a health wearables app by Garmin. It syncs with Garmin devices for GPS tracking, fitness metrics, and health monitoring."
Garuda Indonesia,GARUDAINDO,GARUDAINDO,transportation,travel_booking,,,"Garuda Indonesia is a travel booking app by PT Garuda Indonesia. It provides flight booking, check-in, and GarudaMiles-related services."
Garudafood,GARUDAFOOD,GARUDAFOOD,lifestyle,dining_fnb,,,Garudafood is a lifestyle app by PT Garudafood providing digital ordering and distribution services for its snack and beverage products.
Gate.io,GATE_IO,GATE_IO,finance,crypto_digital_assets,,,Gate.io is a crypto exchange app by Gate Technology Inc. It offers spot and margin trading for a wide range of digital assets.
GauthMath,GauthMath,GauthMath,information_education,general_education,,,"GauthMath is a general education app, now branded as Gauth. It provides AI-powered homework help and step-by-step explanations across multiple subjects."
Genflix,Genflix,Genflix,entertainment,video_streaming,,,"Genflix is a video streaming app by PT Mediatama Anugrah Citra. It offers Indonesian movies, series, and live TV streaming."
Genius,Genius,Genius,entertainment,music_streaming,,,"Genius is a music streaming app by Genius Media Group. It provides annotated song lyrics, music news, and artist interviews."
Genshin Impact,GenshinImpact,GenshinImpact,entertainment,mobile_games,,,Genshin Impact is a mobile game by miHoYo/HoYoverse. It is an open-world action RPG with gacha mechanics and cross-platform play.
GetContact,GetContact,GetContact,productivity_tools,system_utility,,,GetContact is a system & utility app by GetContact. It provides caller identification and spam detection based on tagged phone numbers.
GitHub,Github,Github,productivity_tools,developer_tools,productivity_tools,office_collaboration,"GitHub is a developer tools app by GitHub, part of Microsoft. It provides repository hosting, code review, issues, and collaboration for developers."
Glassdoor,Glassdoor,Glassdoor,lifestyle,job_freelance,,,"Glassdoor is a job & freelance app by Glassdoor. It provides job listings, company reviews, salary insights, and workplace information. (App not found in Signature Apps Library — tags reflect original source identifiers.)"
Glints,GLINTS,GLINTS,lifestyle,job_freelance,,,"Glints is a job & freelance app by Glints. It provides job search, hiring, and career development services for Southeast Asia."
Glovo,Glovo,Glovo,lifestyle,food_delivery,,,"Glovo is a food delivery app by Glovo. It provides on-demand delivery for food, groceries, and other local commerce items."
Go2Cloud,Go2Cloud,Go2Cloud,productivity_tools,cloud_storage_file_sharing,,,"Go2Cloud is a cloud infrastructure service app providing management tools for IaaS solutions, VPS servers, and cloud instances."
GoBiz,GOBIZ,GOBIZ,commerce,seller_tools,,,GoBiz is a seller tools app by Gojek (GoTo Group). It offers merchant management for restaurants and shops on the Gojek platform.
GoPay,GOPAY,GOPAY,finance,e_wallet,transportation,ride_hailing,GoPay is an e-wallet app by Gojek (GoTo Group). It provides cashless payments across Gojek services and partner merchants via QR and in-app transactions.
Gojek,GO_JEK,GO_JEK,transportation,ride_hailing,lifestyle,food_delivery,"Gojek is a ride hailing app by GoTo Group. It provides ride-hailing, food delivery, payments, and other on-demand services."
Gojek Driver,GOJEK_Driver,GOJEK_Driver,transportation,ride_hailing_driver,,,"Gojek Driver is a ride hailing driver app by GoTo Group. It provides order, earnings, and service management for Gojek driver-partners. (App not found in Signature Apps Library — tags reflect original source identifiers.)"
GoodShort,GoodShort,GoodShort,communication,short_video_live,,,GoodShort is a short drama video app by GoodNovel. It provides short original dramas and movie-style vertical episodes. (App not found in Signature Apps Library — tags reflect original source identifiers.)
Google Chat,GoogleChat,GoogleChat,communication,instant_messaging,,,Google Chat is an instant messaging app by Google. It offers team messaging and collaboration integrated with Google Workspace.
Google Classroom,GoogleClassroom,GoogleClassroom,information_education,general_education,,,"Google Classroom is a general education app by Google. It provides assignment management, classroom communication, and workflow tools for schools."
Google Drive,GoogleDrive,GoogleDrive,productivity_tools,cloud_storage_file_sharing,,,"Google Drive is a cloud storage app by Google. It provides file storage, sharing, and collaboration across Google Workspace files."
Google Earth,GoogleEarth,GoogleEarth,transportation,navigation_maps,,,"Google Earth is a navigation & maps app by Google. It provides satellite imagery, 3D terrain, and virtual globe exploration."
Google Gemini,GoogleGemini,GoogleGemini,productivity_tools,ai_assistant,,,Google Gemini is an AI assistant app by Google. It provides multimodal AI assistance integrated with Google products and services. (App not found in Signature Apps Library — tags reflect original source identifiers.)
Google Lens,GoogleLens,GoogleLens,productivity_tools,system_utility,,,"Google Lens is a system & utility app by Google. It provides visual search, OCR, and translation using the camera."
Google Maps,GoogleMap,GoogleMap,transportation,navigation_maps,,,"Google Maps is a navigation & maps app by Google. It provides turn-by-turn navigation, live traffic, transit information, and place discovery."
Google Meet,GoogleMeet,GoogleMeet,productivity_tools,office_collaboration,,,Google Meet is an office & collaboration app by Google. It provides video conferencing integrated with Google Workspace.
Google News,GoogleNews,GoogleNews,information_education,news_media,,,Google News is a news & media app by Google. It provides aggregated and personalized news coverage from multiple publishers.
Google Photos,GooglePhotos,GooglePhotos,productivity_tools,file_viewer_reader,,,"Google Photos is a file viewer & reader app by Google. It provides photo and video backup, organization, and AI-powered search."
Google Pixel Watch,GOOGLE_PIXEL_WATCH,GOOGLE_PIXEL_WATCH,health_wellness,health_wearables,,,"Google Pixel Watch is a health wearables app by Google. It sets up and manages Pixel Watch devices, including fitness, notifications, and watch settings."
Google Play,GooglePlay,GooglePlay,platform_system,app_store,,,"Google Play is an app store by Google. It distributes Android apps, games, books, and digital content."
Google Play Games,GooglePlayGame,GooglePlayGame,platform_system,app_store,,,"Google Play Games is a gaming platform app by Google. It provides game achievements, cloud saves, and access to supported Android games on mobile and PC."
Google Play Movies,GooglePlayMovie,GooglePlayMovie,entertainment,video_streaming,,,Google Play Movies is a video streaming app by Google. It offers movie and TV show rental and purchase.
Google Play Music,GoogleMusic,GoogleMusic,entertainment,music_streaming,,,"Google Play Music is a music streaming app by Google. It offered music purchase, upload, and subscription streaming (now replaced by YouTube Music)."
Google Search,GoogleSearch,GoogleSearch,productivity_tools,browser_search,,,"Google Search is a browser & search app by Google. It provides web search, voice search, and AI-assisted answer features."
Google Translate,GoogleTranslate,GoogleTranslate,productivity_tools,office_collaboration,,,"Google Translate is an office & collaboration app by Google. It provides text, image, conversation, and voice translation across many languages."
Grab,Grab,Grab,transportation,ride_hailing,lifestyle,food_delivery,"Grab is a ride hailing app by Grab Holdings. It provides ride-hailing, delivery, payments, and other on-demand services across Southeast Asia."
Gramedia Digital,GRAMEDIA_DIGITAL,GRAMEDIA_DIGITAL,information_education,general_education,,,"Gramedia Digital is a general education app by Kompas Gramedia. It provides digital books, magazines, and newspapers for Indonesian readers."
Grok,Grok,Grok,productivity_tools,ai_assistant,,,Grok is an AI assistant app by xAI. It provides conversational AI with live information integration from the X ecosystem. (App not found in Signature Apps Library — tags reflect original source identifiers.)
Guardian,GuarDian,GuarDian,commerce,fashion,,,"Guardian is a health and beauty retail app by Guardian Health & Beauty. It offers personal care, wellness, and beauty product shopping."
Gudang Garam,GUDANG_GARAM,GUDANG_GARAM,other,tobacco_device,,,Gudang Garam is a business operations app providing B2B supply chain and wholesale management for its products. (App not found in Signature Apps Library — tags reflect original source identifiers.)
GudangAda,GUDANGADA,GUDANGADA,commerce,b2b,,,"GudangAda is a B2B marketplace app by PT GudangAda Globalindo. It connects FMCG brands, distributors, and warung retailers for wholesale procurement."
H&M,HM,HM,commerce,fashion,,,H&M is a fashion app by H&M Group. It offers affordable fashion shopping with loyalty rewards and in-store integration.
HBO Max,HBOMax|HBO,HBO|HBOMax,entertainment,video_streaming,,,"HBO Max is a video streaming app by Warner Bros. Discovery. It offers HBO originals, movies, and curated content."
HERE WeGo,HereMap,HereMap,transportation,navigation_maps,,,"HERE WeGo is a navigation & maps app by HERE Technologies. It provides maps, route planning, and navigation with offline support."
HK Airlines,HKairlines,HKairlines,transportation,travel_booking,,,HK Airlines is a travel booking app by Hong Kong Airlines. It provides flight booking and airline passenger services.
HSBC,Hsbc,Hsbc,finance,mobile_banking,,,"HSBC is a mobile banking app by HSBC. It offers global banking services including account management, transfers, and wealth insights."
Hago,Hago,Hago,entertainment,mobile_games,,,Hago is a mobile game by Hago (YY/JOYY). It is a social gaming app offering mini-games with voice chat.
Halo BCA,HALO_BCA,HALO_BCA,finance,mobile_banking,,,"Halo BCA is a customer service app by Bank Central Asia. It provides VoIP-based call center access, live chat support, and self-service account assistance for BCA customers."
Halodoc,HALODOC,HALODOC,health_wellness,healthcare_telemedicine,commerce,marketplace,"Halodoc is a healthcare & telemedicine app by PT Media Dokter Investama. It provides doctor consultations, medicine delivery, lab bookings, and other health services in Indonesia."
Hamachi,HamachiVPN,HamachiVPN,productivity_tools,system_utility,,,Hamachi is a networking utility by LogMeIn. It provides virtual private network connectivity for remote access and private networks.
Hana Bank,HANA_BANK,HANA_BANK,finance,mobile_banking,,,"Hana Bank is a mobile banking app by KEB Hana Bank. It provides transfers, savings, and investment services."
Hangry,HANGRY,HANGRY,lifestyle,dining_fnb,,,Hangry is a dining & FnB app by Hangry. It provides ordering and brand access for Hangry's multi-brand food and beverage business.
Happy Color,HappyColor,HappyColor,entertainment,mobile_games,,,Happy Color is a coloring app by X-Flow. It provides a paint-by-numbers coloring experience.
HappyFresh,HappyFresh,HappyFresh,commerce,grocery,,,HappyFresh is a grocery app by HappyFresh. It provides on-demand grocery delivery from supermarkets and specialty stores in Southeast Asia.
HappyMod,Happymod,Happymod,platform_system,app_store,,,HappyMod is an alternative app store. It provides modified Android apps and games. (App not found in Signature Apps Library — tags reflect original source identifiers.)
Hartono Elektronika,MYHARTONO,MYHARTONO,commerce,marketplace,,,Hartono Elektronika is a marketplace app by Hartono Elektronika. It offers consumer electronics and home appliances retail in Indonesia.
Harvard,Harvard,Harvard,information_education,general_education,,,"Harvard is a general education app by Harvard University. It provides campus news, academic resources, and mobile access to university services."
Hay Day,HayDay,HayDay,entertainment,mobile_games,,,Hay Day is a mobile game by Supercell. It is a farming simulation where players grow crops and trade with neighbors.
HeadHunter Russia,HeadhunterRussia,HeadhunterRussia,lifestyle,job_freelance,,,HeadHunter Russia is a job & freelance app by HeadHunter. It provides job search and recruitment services in the Russian-speaking market.
Health Parenting,HealthParenting,HealthParenting,health_wellness,maternal_family,,,"Health Parenting is a maternal & family app that provides resources for child health management, nutritional guidance, and developmental milestones tracking."
Healthline,Healthline,Healthline,health_wellness,healthcare_telemedicine,,,Healthline is a healthcare & telemedicine app by Healthline Media. It provides evidence-based health information and wellness articles.
Hearthstone,HearthStone,HearthStone,entertainment,mobile_games,,,Hearthstone is a mobile game by Blizzard Entertainment. It is a digital collectible card game set in the Warcraft universe.
HelloSehat,HELLOSEHAT,HELLOSEHAT,health_wellness,healthcare_telemedicine,,,"HelloSehat is a healthcare & telemedicine app by Hello Health Group. It offers health articles, wellness information, and educational health content."
Helo,Helo,Helo,communication,social_network,,,"Helo was a regional social media and content aggregation platform owned by ByteDance, designed for short-form videos, photo sharing, and news, similar to a localized Facebook or Twitter. Launched in 2018 in India and later in Indonesia, it focused on local content and community engagement, but ultimately shut down operations around mid-2023 due to lack of market fit."
Hero Wars,HeroWars,HeroWars,entertainment,mobile_games,,,Hero Wars is a mobile game by Nexters. It is an idle RPG hero-collection battler.
HeyTap Watch,HEYTAP_WATCH,HEYTAP_WATCH,health_wellness,health_wearables,,,"HeyTap Watch is a health wearables app by OPPO. It is used to manage and sync data from OPPO watches, focusing on fitness tracking and health monitoring."
Hijra Bank,HIJRA_BANK,HIJRA_BANK,finance,mobile_banking,,,Hijra Bank is a mobile banking app by Bank Hijra. It offers sharia-compliant digital banking services.
Hilton,Hilton,Hilton,transportation,travel_booking,,,"Hilton is a travel booking app by Hilton. It provides hotel booking, digital check-in, digital key, and Hilton Honors account services."
Hola VPN,HolaVPN,HolaVPN,productivity_tools,system_utility,,,Hola VPN is a system & utility app by Hola. It provides VPN and proxy-based access services.
Home Credit,HOME_CREDIT_GO,HOME_CREDIT_GO,finance,bnpl_pay_later,,,Home Credit is a payment gateway and consumer finance app by Home Credit Group. It provides point-of-sale loans and installment plans.
Homescapes,Homescapes,Homescapes,entertainment,mobile_games,,,Homescapes is a mobile game by Playrix. It is a match-three puzzle game with home renovation storyline.
Honda,HONDA_E-CARE|HONDA_ID,HONDA_E-CARE|HONDA_ID,lifestyle,automotive_owner_service,,,"Honda is an automotive owner service app by Honda. It provides vehicle information, maintenance scheduling, and owner-related services."
Honkai Star Rail,HonKaiStarRail,HonKaiStarRail,entertainment,mobile_games,,,Honkai Star Rail is a mobile game by miHoYo/HoYoverse. It is a turn-based space fantasy RPG with gacha character collection.
Honor App Store,Honor_AppStore,Honor,platform_system,app_store,,,Honor App Store is an app store by Honor. It distributes apps for Honor device users.
Honor Cloud,HonorCloud,Honor,productivity_tools,cloud_storage_file_sharing,,,Honor Cloud is a cloud storage service by Honor. It provides device backup and cloud sync for Honor users.
Honor of Kings,HonorOfKing,Honor,entertainment,mobile_games,,,"Honor of Kings is a mobile game by TiMi Studio (Tencent). It is a 5v5 MOBA game, one of the world's highest-grossing mobile titles."
Hooq,Hooq,Hooq,entertainment,video_streaming,,,Hooq is a video streaming app by Hooq Digital (former Singtel/Sony/Warner Bros JV). It offered Asian and Hollywood content streaming in Southeast Asia.
Hot Pepper Beauty,BeautyHotPepper,BeautyHotPepper,lifestyle,beauty_personal_care,,,"Hot Pepper Beauty is a beauty & personal care app by Recruit. It provides salon, spa, and beauty reservation services in Japan."
HotelMurah,HOTELMURAH_COM,HOTELMURAH_COM,transportation,travel_booking,,,"HotelMurah is a travel booking and digital payment app by PT Hotel Murah Travelindo. It provides hotel, flight, and train bookings, alongside digital top-ups and bill payment services in Indonesia."
Hotels.com,Hotels,Hotels,transportation,travel_booking,,,Hotels.com is a travel booking app by Expedia Group. It provides hotel booking and loyalty-related accommodation services.
Hotstar,Hotstar,Hotstar,entertainment,video_streaming,,,"Hotstar is a video streaming app by Disney+ Hotstar (Disney Star, India). It offers cricket streaming, Bollywood, and Disney content."
Huawei AppGallery,HuaWei_AppStore,HuaWei_AppStore,platform_system,app_store,,,Huawei AppGallery is an app store by Huawei. It distributes apps for Huawei devices as an alternative to Google Play services.
Huawei Cloud,HuaWeiCloud|HuaWeiMobileCloud,HuaWeiCloud|HuaWeiMobileCloud,productivity_tools,cloud_storage_file_sharing,,,Huawei Cloud is a cloud storage service by Huawei. It provides backup and sync services for Huawei devices.
Huawei GameCenter,HuaWeiGameCenter,GameCenter,entertainment,gaming_platform,,,Huawei GameCenter is a gaming platform app by Huawei. It distributes mobile games for Huawei device users.
Huawei Health,HuaWeiSportHealth,HuaWeiSportHealth,health_wellness,health_wearables,,,"Huawei Health is a health wearables app by Huawei. It syncs with Huawei wearables for activity, sleep, heart rate, and wellness tracking."
Huawei Vassistant,HuaWei_Vassistant,HuaWei_Vassistant,health_wellness,health_wearables,,,Huawei Vassistant is a health wearables support tool by Huawei. It serves as a voice assistant and utility interface for Huawei smart devices and health services. (App not found in Signature Apps Library — tags reflect original source identifiers.)
Huawei Wallet,HuaWeiWallet,HuaWeiWallet,finance,e_wallet,,,"Huawei Wallet is an e-wallet app by Huawei. It enables NFC payments, loyalty card storage, and transit pass integration on Huawei devices. (App not found in Signature Apps Library — tags reflect original source identifiers.)"
Huawei Watch,HUAWEI_WATCH,HUAWEI_WATCH,health_wellness,health_wearables,,,"Huawei Watch refers to the wearable device ecosystem managed via the Huawei Health app, tracking comprehensive fitness, SPO2, and cardiovascular metrics."
Hungry Shark World,HungrySharkWorld,HungrySharkWorld,entertainment,mobile_games,,,Hungry Shark World is a mobile game by Ubisoft. It is an arcade game where players control a shark in an open ocean.
Hyatt,Hyatt,Hyatt,transportation,travel_booking,,,"Hyatt is a travel booking app by Hyatt. It provides hotel booking, loyalty services, and digital room access features."
ICAP Trade,ICAPTrade,ICAPTrade,finance,crypto_digital_assets,,,ICAP Trade is a crypto trading app. It offers cryptocurrency and digital asset trading services. (App not found in Signature Apps Library — tags reflect original source identifiers.)
ICBC,ICBC_MO,ICBCRongELian|Icbcasia|WebBank_ICBC,finance,mobile_banking,,,ICBC is a mobile banking app by Industrial and Commercial Bank of China. It provides account services and international transfers.
IGN,Ign,Ign,information_education,news_media,,,"IGN is a news & media app by IGN Entertainment. It provides video game, movie, TV, and tech news and reviews."
IKEA,Ikea,Ikea,commerce,home_living,,,"IKEA is a home & living app by Inter IKEA Group. It offers furniture and home furnishing browsing, room planning, and online ordering."
IMDb,Imdb,Imdb,commerce,review_platform,,,"IMDb is a review platform app by Amazon (IMDb.com). It provides movie and TV show ratings, reviews, cast information, and watchlists."
IMO,IMO,IMO,communication,instant_messaging,,,IMO is an instant messaging app by imo.im. It provides messaging and voice and video calls optimized for mobile use.
IMOVE,IMOVE,IMOVE,commerce,automotive_market,,,IMOVE is an app name that may refer to different services by market. Use a safer app-specific description only after confirming the exact publisher or package/domain.
IPOT,IPOT,IPOT,finance,investment,,,"IPOT is an investment app by Indo Premier Sekuritas. It offers stock, mutual fund, and bond trading with research tools."
IQ Option,IQOption,IQOption,finance,crypto_digital_assets,,,"IQ Option is a crypto and forex trading app by IQOption LLC. It offers options, forex, and crypto CFD trading with educational tools."
IQOS,IQOS,IQOS,other,tobacco_device,,,"IQOS is a tobacco device app by Philip Morris International. It connects to compatible IQOS devices for settings, personalization, firmware updates, and support. (App not found in Signature Apps Library — tags reflect original source identifiers.)"
IkiModal,IKIMODAL,IKIMODAL,finance,investment,,,IkiModal is an investment app. It provides P2P lending investment access for Indonesian retail investors.
InShot,InShot,InShot,productivity_tools,design_editing,,,InShot is a design & editing app by InShot. It provides mobile video and photo editing for social media content.
Indeed,Indeed,Indeed,lifestyle,job_freelance,,,Indeed is a job & freelance app by Indeed. It provides job search and listing aggregation across many industries and locations.
India Times,Indiatimes,Indiatimes,information_education,news_media,,,"India Times is a news & media app by Times Internet. It provides Indian news, entertainment, and lifestyle content."
IndoPremier,INDOPREMIER,INDOPREMIER,finance,investment,,,"IndoPremier is an investment app by Indo Premier Sekuritas. It provides access to IPOs, bonds, and mutual funds."
Indodana,INDODANA,INDODANA,finance,e_wallet,finance,p2p_lending,"Indodana is an e-wallet and lending app by PT Artha Dana Teknologi. It offers consumer credit, pay-later services, and e-wallet features."
Indodax,Indodax,Indodax,finance,crypto_digital_assets,,,Indodax is a crypto exchange app by PT Indodax Nasional Indonesia. It offers cryptocurrency trading for Indonesian retail investors.
Indofund,INDOFUND_ID,INDOFUND_ID,finance,investment,,,Indofund is an investment app by PT Indofund Berkat Mulya. It offers P2P lending for SME working-capital loans.
Indolife Pensiontama,INDOLIFE_PENSIONTAMA,INDOLIFE_PENSIONTAMA,finance,insurance,,,Indolife Pensiontama is an insurance app by PT Indolife Pensiontama. It offers life insurance and pension fund products.
Indomaret Poinku,INDOMARET_POINT,INDOMARET_POINT,commerce,grocery,,,"Indomaret Poinku is a grocery app by PT Indomarco Prismatama. It offers loyalty rewards, promotions, and digital coupons for Indomaret convenience stores."
Indonesian Tobacco,INDONESIAN_TOBACCO,INDONESIAN_TOBACCO,other,tobacco_device,,,Indonesian Tobacco is a business operations app focused on the distribution and supply chain management of tobacco products. (App not found in Signature Apps Library — tags reflect original source identifiers.)
Indosaku,INDOSAKU,INDOSAKU,finance,p2p_lending,,,Indosaku is a digital lending app. It provides online instalment loans and consumer credit services in Indonesia.
Indosat Ooredoo Hutchison,MYIM3|MYIM3_HE|MyIM3|Myioh|IOH_ID|IndosatHiFi,IOH_ID|MYIM3|MYIM3_HE,platform_system,telco_self_care,,,"Indosat Ooredoo Hutchison is a telco self-care app by PT Indosat Ooredoo Hutchison, commonly through the myIM3 app. It provides account management, package purchases, and customer services for IM3 users."
Indotrading,INDOTRADING,INDOTRADING,commerce,b2b,,,Indotrading is a B2B marketplace app by PT Indotrading. It provides B2B supplier directory and product sourcing for Indonesian businesses.
Infinix Watch,INFINIX_WATCH,INFINIX_WATCH,health_wellness,health_wearables,,,Infinix Watch is a health wearables app by Infinix. It tracks exercise data and physiological health indicators for users of Infinix wearable devices.
Informa,IFURNHOLIC,IFURNHOLIC,commerce,home_living,,,Informa is a home & living app by PT Informa Furnishings (Kawan Lama Group). It offers furniture and home living products.
Injustice 2,Injustice2,Injustice2,entertainment,mobile_games,,,Injustice 2 is a mobile game by Warner Bros. Games (NetherRealm). It is a fighting game featuring DC Comics superheroes. (App not found in Signature Apps Library — tags reflect original source identifiers.)
Insert Live,InsertLive,InsertLive,entertainment,video_streaming,,,Insert Live is a video streaming app by Trans Media Group. It provides celebrity news and entertainment content from Insert program. (App not found in Signature Apps Library — tags reflect original source identifiers.)
Instagram,Instagram,Instagram,communication,social_network,,,"Instagram is a social network app by Meta Platforms. It offers photo and video sharing, Stories, Reels, and direct messaging."
Investasik,INVESTASIK,INVESTASIK,finance,investment,,,Investasik is an investment app. It provides investment and savings products for Indonesian retail users.
Investree,INVISTREE,INVISTREE,finance,investment,,,Investree is an investment app by PT Investree Radhika Jaya. It offers P2P lending for invoice and working-capital financing.
Islam21c,Islam21c,Islam21c,information_education,religious,,,"Islam21c is a religious app by Islam21c. It provides Islamic articles, commentary, and current affairs content."
IslamHouse,Islamhouse,Islamhouse,information_education,religious,,,IslamHouse is a religious app by IslamHouse. It provides Islamic educational materials in multiple languages. (App not found in Signature Apps Library — tags reflect original source identifiers.)
IslamWay,Islamway,Islamway,information_education,religious,,,"IslamWay is a religious app by IslamWay. It provides Islamic lectures, Quran recitations, and religious audio content."
IslamWeb,Islamweb,Islamweb,information_education,religious,,,"IslamWeb is a religious app by IslamWeb. It provides fatwas, Islamic articles, and educational resources."
Itemku,ITEMKU,ITEMKU,commerce,marketplace,,,"Itemku is a marketplace app by PT Five Jack. It is Indonesia's marketplace for game vouchers, in-game items, and digital goods trading."
Ivoji,IVOJI,IVOJI,finance,payment_gateway,,,"Ivoji is a payment gateway app by PT Finansia Aira Teknologi. It offers personal cash loans online without collateral, licensed by OJK."
JD.ID,JD_ID,JD_ID,commerce,marketplace,lifestyle,food_delivery,JD.ID was an Indonesian e-commerce app by JD.com that operated a B2C online retail platform with local warehousing and fulfillment.
JOOX,JooxMusic,JooxMusic,entertainment,music_streaming,,,JOOX is a music streaming app by Tencent. It offers free and premium music streaming popular in Southeast Asia.
JULO,JULO,JULO,finance,payment_gateway,,,JULO is a payment gateway app by PT JULO Teknologi Finansial. It provides flexible credit lines and installment loans for Indonesian consumers.
Jago,Jago|JAGO,JAGO,finance,mobile_banking,,,"Jago is a mobile banking app by Bank Jago. It offers pocket-based budgeting, auto-save features, and biometric-secured transfers."
Jasa Marga,JASAMARGA,JASAMARGA,platform_system,government,,,"Jasa Marga is a transport services app by PT Jasa Marga. It provides toll road information, traffic updates, and related services."
Jeeny Driver,JeenyDriver,JeenyDriver,transportation,ride_hailing_driver,,,Jeeny Driver is a ride hailing driver app by Jeeny. It provides ride order management for Jeeny driver-partners. (App not found in Signature Apps Library — tags reflect original source identifiers.)
Jenius,JENIUS,JENIUS,finance,mobile_banking,,,"Jenius is a mobile banking app by Bank BTPN. It provides card management, flexible savings, split bills, and e-commerce payment features."
Jet Airways,JetAirways,JetAirways,transportation,travel_booking,,,Jet Airways was a travel booking app by Jet Airways. It provided flight booking and passenger services before the airline entered insolvency and ceased operations. (App not found in Signature Apps Library — tags reflect original source identifiers.)
JobStreet,Jobstreet,Jobstreet,lifestyle,job_freelance,,,"JobStreet is a job & freelance app by JobStreet, part of SEEK. It provides job search and recruitment services in Southeast Asia."
JobsDB,Jobsdb,Jobsdb,lifestyle,job_freelance,,,"JobsDB is a job & freelance app by JobsDB, part of SEEK. It provides job search and career services in Hong Kong and other Asian markets."
Jualo,Jualo,Jualo,commerce,marketplace,,,Jualo is a marketplace app by PT Jualo. It provides classified listings for secondhand and new goods in Indonesia.
K24 Klik Apotek,K24KLIKAPOTEKONLINE,K24KLIKAPOTEKONLINE,health_wellness,healthcare_telemedicine,commerce,marketplace,K24 Klik Apotek is a healthcare & telemedicine app by PT K-24 Indonesia. It provides online pharmacy ordering and medicine delivery services.
KAI Access,KAIACCESS|KAIAccess,KAIAccess,transportation,public_transport_ticketing,,,"KAI Access is a public transport & ticketing app by PT Kereta Api Indonesia. It provides train ticket booking, schedules, and passenger services for Indonesian railways."
KFC,Kfc|KFCKU,KFCKU|Kfc,lifestyle,dining_fnb,,,"KFC is a dining & FnB app by KFC. It provides food ordering, delivery, promotions, and restaurant services."
KRL Access,KRLACCESS,KRLACCESS,transportation,public_transport_ticketing,,,"KRL Access is a public transport & ticketing app by PT KAI Commuter. It provides commuter line schedules, station information, and passenger tools for the Jakarta metropolitan area."
KUPU,KUPU,KUPU,information_education,general_education,,,"KUPU is a general education and career platform app. It provides skill-based learning, professional courses, and job matching services."
Kahoot!,Kahoot,Kahoot,entertainment,mobile_games,information_education,general_education,Kahoot! is a mobile game by Kahoot! ASA. It is a gamified quiz and learning platform for education and trivia. (App not found in Signature Apps Library — tags reflect original source identifiers.)
KakaoBank,KakaoBank,KakaoBank,finance,mobile_banking,,,KakaoBank is a mobile banking app by KakaoBank (South Korea). It offers digital-first banking integrated with the Kakao ecosystem.
KakaoTalk,KakaoTalk,KakaoTalk,communication,instant_messaging,,,"KakaoTalk is an instant messaging app by Kakao Corp. It offers messaging, voice calls, and integrated digital services."
KasPro,KASPRO,KASPRO,productivity_tools,business_operations,,,KasPro is a business operations app. It provides digital payment and financial service tools for businesses.
Kasir Pintar,KASIRPINTAR,KASIRPINTAR,productivity_tools,business_operations,,,"Kasir Pintar is a business operations app by Kasir Pintar. It provides cashier, POS, stock, and sales reporting tools for small businesses."
Kaskus,Kaskus,Kaskus,communication,social_network,,,Kaskus is a social network app by PT Darta Media Indonesia. It is an Indonesian online forum platform for discussions and community interaction.
KawanCicil,KAWANCICIL,KAWANCICIL,finance,bnpl_pay_later,,,KawanCicil is a payment gateway app. It provides installment financing services for students and young professionals in Indonesia.
Kayak,Kayak,Kayak,transportation,travel_booking,,,"Kayak is a travel booking app by KAYAK, part of Booking Holdings. It provides travel search and price comparison for flights, hotels, and car rentals."
Keen,Keen,Keen,commerce,fashion,,,Keen is a fashion app by KEEN Footwear. It offers outdoor and casual footwear direct-to-consumer.
Kelas Pintar,Kelas_Pintar,Kelas_Pintar,information_education,general_education,,,Kelas Pintar is a general education app by PT Extramarks Education Indonesia. It provides K-12 digital learning content and school support tools.
KiMi Moonshot,KiMi_Moonshot,Kimi,productivity_tools,ai_assistant,,,"KiMi Moonshot is an AI assistant app by Moonshot AI. It provides a long-context AI assistant for chat, search, and document understanding."
Kick,Kick,KickTheBuddy|Kicker|Kicktipp|Shopkick,entertainment,video_streaming,,,Kick is a video streaming app by Kick.com. It provides live streaming for gamers and creators with a creator-friendly revenue model.
Kindle,Kindle,Kindle,information_education,general_education,,,"Kindle is a general education app by Amazon. It provides ebook reading, syncing, and access to Amazon's digital book store."
KineMaster,KineMaster,KineMaster,productivity_tools,design_editing,,,KineMaster is a design & editing app by KineMaster. It provides multi-layer video editing with timeline-based controls.
King,King,King,entertainment,gaming_platform,,,King is a gaming platform app by King (Activision Blizzard). It develops and distributes casual games including Candy Crush and Farm Heroes.
KingsGroup,KingsGroupHoldings,KingsGroupHoldings,entertainment,gaming_platform,,,KingsGroup is a gaming platform app by KingsGroup Holdings. It develops strategy mobile games including Z Day and World War Rising. (App not found in Signature Apps Library — tags reflect original source identifiers.)
KitaLulus,KITALULUS,KITALULUS,lifestyle,job_freelance,,,"KitaLulus is a job & freelance app by PT Kita Lulus Indonesia. It provides job search and career support, especially for entry-level workers in Indonesia."
Kitabisa,Kitabisa,Kitabisa,finance,crowdfunding,,,"Kitabisa is a crowdfunding app by PT Kita Bisa Indonesia. It is Indonesia's largest crowdfunding platform for social causes, medical bills, and disaster relief."
Klarna,Klarna,Klarna,finance,bnpl_pay_later,,,Klarna is a payment gateway and buy-now-pay-later app by Klarna Bank AB. It offers split payments and smooth checkout for online shoppers.
Klik Indogrosir,KLIK_INDOGROSIR,KLIK_INDOGROSIR,commerce,marketplace,,,Klik Indogrosir is a marketplace app by Indomarco (Salim Group). It provides wholesale-to-retail online ordering for grocery and FMCG products.
Klik Indomaret,KLIKINDOMARET,KLIKINDOMARET,commerce,grocery,,,Klik Indomaret is a grocery app by PT Indomarco Prismatama. It provides online ordering and delivery from Indomaret stores.
KlikCair,KLIKCAIR,KLIKCAIR,finance,payment_gateway,,,KlikCair is a payment gateway app by PT Klikcair Magna Sejahtera. It offers consumer microloans through a mobile application.
KlikFilm,Klikfilm,Klikfilm,entertainment,video_streaming,,,KlikFilm is a video streaming app by PT Klikfilm Indonesia. It streams curated independent Indonesian and international films.
KlikKami,KLIK_KAMI,KLIK_KAMI,finance,p2p_lending,,,KlikKami is a digital lending app. It provides online loan services in Indonesia.
KlikPajak,KLIKPAJAK,KLIKPAJAK,platform_system,government,,,"KlikPajak is a tax compliance app by PT Mekari Bayar Pajak. It provides Indonesian tax filing, e-invoicing, and business tax management services."
KlikUMKM,KLIKUMKM,KLIKUMKM,finance,p2p_lending,,,KlikUMKM is a P2P lending app. It offers P2P lending services connecting funders with micro and small business borrowers in Indonesia.
Klika2c,KLIKA2C,KLIKA2C,finance,p2p_lending,,,Klika2c is a P2P lending app. It provides P2P lending services for Indonesian consumers and small businesses.
Klook,Klook,Klook,transportation,travel_booking,,,"Klook is a travel booking app by Klook Travel Technology. It provides attractions, tours, transport passes, and travel experience booking."
KoinP2P,KOINP2P,KOINP2P,finance,investment,,,KoinP2P is an investment app by KoinWorks. It provides peer-to-peer lending where users fund vetted borrower loans.
KoinWorks,KOINWORKS,KOINWORKS,finance,investment,finance,p2p_lending,KoinWorks is an investment app by PT Lunaria Annua Teknologi. It offers P2P lending and SME financing.
Kompas,Kompas,Kompas,information_education,news_media,,,"Kompas is a news & media app by Kompas Gramedia. It provides Indonesian and international news coverage, analysis, and feature journalism."
Komunal,KOMUNAL,KOMUNAL,finance,investment,,,"Komunal is an investment app by Komunal Group. It is a fintech platform centred on a rural bank (BPR) deposit marketplace, enabling digital savings placement in licensed BPR institutions and peer-to-peer lending for MSME borrowers."
Konami,Konami,Konami,entertainment,gaming_platform,,,"Konami is a gaming platform app by Konami. It distributes mobile games including eFootball, Yu-Gi-Oh!, and Castlevania."
Kopi Kenangan,KOPIKENANGAN,KOPIKENANGAN,lifestyle,dining_fnb,,,"Kopi Kenangan is a dining & FnB app by Kenangan Brands. It provides mobile ordering, loyalty rewards, and store services for Kopi Kenangan customers."
KrediFazz,KREDIFAZZ,KREDIFAZZ,finance,p2p_lending,,,KrediFazz is a digital lending app by Fazz Financial Group. It offers working capital loans for micro and small merchants.
Kredinesia,KREDINESIA,KREDINESIA,finance,payment_gateway,,,Kredinesia is a payment gateway app by PT Kreditku Teknologi Indonesia. It offers fast consumer microloans via mobile.
Kredit Pintar,KREDIT_PINTAR,KREDIT_PINTAR,finance,payment_gateway,,,Kredit Pintar is a payment gateway app by PT Kredit Pintar Indonesia. It provides OJK-licensed personal loans with fast approval.
KreditMu,KREDITMU,KREDITMU,finance,payment_gateway,,,KreditMu is a payment gateway app. It offers consumer microloan services through a digital platform in Indonesia.
KreditPro,KREDITPRO,KREDITPRO,finance,payment_gateway,,,KreditPro is a payment gateway app. It provides consumer loan services via a mobile application.
Kredito,KREDITO,KREDITO,finance,p2p_lending,,,Kredito is a digital lending app. It provides consumer credit and instalment loan services in Indonesia.
Kredivo,KREDIVO,KREDIVO,finance,bnpl_pay_later,finance,e_wallet,Kredivo is an e-wallet and buy-now-pay-later app by FinAccel. It provides instant credit lines for e-commerce purchases and bill payments.
Krom Bank,KROM,KROM,finance,mobile_banking,,,Krom Bank is a mobile banking app by PT Krom Bank Indonesia Tbk. It provides digital-first banking services targeting younger users.
KuCoin,KUCOIN,KUCOIN,finance,crypto_digital_assets,,,"KuCoin is a crypto exchange app by KuCoin Global. It provides spot, futures, and lending services for cryptocurrencies."
Kudo,kudo,kudo,finance,payment_gateway,,,Kudo is a digital payment app. The currently active product under this name should be manually verified against the current app-store listing before use in analysis.
Kumparan,Kumparan,Kumparan,information_education,news_media,,,"Kumparan is a news & media app by PT Kumparan Harapan Mulia. It provides Indonesian news, community content, and personalized topic feeds."
Kuro Games,KuroGame,Kuro,entertainment,gaming_platform,,,Kuro Games is a gaming platform app by Kuro Games. It develops anime-style action RPGs including Punishing: Gray Raven and Wuthering Waves.
Kuwait Airways,KuwaitAirways,KuwaitAirways,transportation,travel_booking,,,Kuwait Airways is a travel booking app by Kuwait Airways. It provides flight booking and airline passenger services. (App not found in Signature Apps Library — tags reflect original source identifiers.)
Kuwo Music,KooWo,KooWo,entertainment,music_streaming,,,Kuwo Music is a music streaming app by Kuwo (Tencent Music). It offers music streaming services in China.
LINE,Line,Line,communication,instant_messaging,,,"LINE is an instant messaging app by LY Corporation. It offers messaging, voice and video calls, stickers, and integrated lifestyle services."
LINE Bank,LINE_BANK,LINE_BANK,finance,mobile_banking,,,LINE Bank is a mobile banking app by KEB Hana Bank Indonesia. It integrates banking services within the LINE messaging ecosystem.
LINE Webtoon,LineWebtoon,LineWebtoon,entertainment,comics_webtoon,,,LINE Webtoon is a comics & webtoon app by Naver/LY Corporation. It provides free vertical-scroll webcomics across genres worldwide.
La Repubblica,Repubblica,Repubblica,information_education,news_media,,,La Repubblica is a news & media app by GEDI Gruppo Editoriale. It provides Italian and international news coverage.
Lalamove,LALAMOVE|Lalamove,LALAMOVE,transportation,logistics_delivery,,,Lalamove is a logistics & delivery app by Lalamove. It provides on-demand same-day delivery and courier or vehicle booking.
Lamudi,LAMUDI,LAMUDI,commerce,property,,,Lamudi is a property marketplace app by Lamudi. It provides property listings for buying and renting homes and commercial spaces in Indonesia.
Laris POS,LARISPOS,LARISPOS,productivity_tools,business_operations,,,Laris POS is a business operations app. It provides point-of-sale management for retail businesses.
Lazada,Lazada,Lazada,commerce,marketplace,finance,e_wallet,Lazada is a marketplace app by Lazada Group (Alibaba). It offers B2C and marketplace e-commerce across Southeast Asia with integrated logistics.
League of Legends,LOL,LOL,entertainment,mobile_games,,,League of Legends is a mobile game by Riot Games. It is a 5v5 MOBA game with over 160 champions.
Lenovo App Store,LenovoAppStore,LenovoAppStore,platform_system,app_store,,,Lenovo App Store is an app store by Lenovo. It distributes apps for Lenovo device users.
Lenovo Watch,LENOVO_WATCH,LENOVO_WATCH,health_wellness,health_wearables,,,"Lenovo Watch is a health wearables app by Lenovo. It connects to Lenovo smartwatches to monitor activity, sleep, and heart rate."
Lentera Dana Nusantara,LENTERA_DANA_NUS,LENTERA_DANA_NUS,finance,investment,,,Lentera Dana Nusantara is an investment app. It provides P2P lending services for Indonesian borrowers and lenders.
Li-Ning,Lining,Lining,commerce,fashion,,,Li-Ning is a fashion app by Li-Ning Co (China). It offers sportswear and athletic footwear shopping.
Life360,Life360,Life360,health_wellness,maternal_family,,,"Life360 is a maternal & family app by Life360. It provides family location sharing, driving safety features, and emergency alerts."
Lifesum,Lifesum,Lifesum,health_wellness,healthcare_telemedicine,,,"Lifesum is a healthcare & telemedicine app by Lifesum AB. It provides personalized nutrition planning, calorie tracking, and healthy eating guidance."
Likee,Like,Like,communication,short_video_live,,,"Likee is a short video and live app by Likee Technology. It offers short video creation with effects, music, and live streaming features."
Lilith Games,LilithGames,LilithGames,entertainment,gaming_platform,,,Lilith Games is a gaming platform app by Lilith Games (China). It develops Rise of Kingdoms and AFK Arena.
Lingokids,Lingokids,Lingokids,information_education,general_education,,,Lingokids is a general education app by Lingokids. It provides educational games and English learning activities for children.
LinkAja,LINKAJA,LINKAJA,finance,e_wallet,transportation,public_transport_ticketing,"LinkAja is an e-wallet app by PT Fintek Karya Digital (state-owned consortium). It offers cashless payments, toll payments, and transit integration."
LinkedIn,LinkedIn,LinkedIn,communication,social_network,,,"LinkedIn is a social network app by LinkedIn Corporation, owned by Microsoft. It provides professional networking, job discovery, and career development tools."
Liputan6,Liputan6,Liputan6,information_education,news_media,,,"Liputan6 is a news & media app by PT Kreatif Media Karya (Emtek Group). It provides Indonesian news, video, and live coverage across multiple topics."
Litmatch,Litmatch,Litmatch,communication,dating_discovery,,,Litmatch is a dating and discovery app by CONSTRUCT TECHNOLOGY. It offers voice-based social matching and chat features popular with younger users.
LiveAgent,Ladesk,Ladesk,productivity_tools,business_operations,,,"LiveAgent is a business operations app by Quality Unit. It provides helpdesk, ticketing, and live chat customer support tools."
LiveScore,Livescore,Livescore,health_wellness,fitness_sport,,,"LiveScore is a fitness & sport app by LiveScore Group. It provides live sports scores, fixtures, and match updates."
LiveScore Group,Livesport,Livesport,health_wellness,fitness_sport,,,"LiveScore Group is a fitness & sport organization that manages the LiveScore, LiveScore Bet, and Virgin Bet brands, providing real-time sports data and betting services."
Loklok,Loklok,Loklok,entertainment,video_streaming,,,"Loklok is a video streaming app by Loklok. It provides free Asian drama, anime, and movie streaming with subtitles."
Lotte,Lotte,Lottedfs|Nationallottery|Taxiflotte,commerce,fashion,,,Lotte is a fashion app by Lotte Group (South Korea). It offers department store and duty-free shopping across fashion and lifestyle categories.
Lotte Home Shopping,LotteHomeShopping,Shopping,commerce,home_living,,,Lotte Home Shopping is a home & living app by Lotte Group. It provides TV and online home shopping for household goods and lifestyle products.
Louis Vuitton,Louisvuitton,Louisvuitton,commerce,fashion,,,"Louis Vuitton is a fashion app by LVMH. It showcases luxury fashion, leather goods, and accessories with e-commerce and boutique locator."
LovePlanet,Loveplanet,Loveplanet,communication,dating_discovery,,,"LovePlanet is a dating and discovery app by LovePlanet LLC. It provides dating, chat, and live video discovery features."
Lovoo,Lovoo,Lovoo,communication,dating_discovery,,,"Lovoo is a dating and discovery app by LOVOO GmbH. It provides swipe-based dating with chat, video, and livestream features."
Luckin Coffee,LuckinCoffee,LuckinCoffee,lifestyle,dining_fnb,,,"Luckin Coffee is a dining & FnB app by Luckin Coffee. It provides app-based coffee ordering, pickup, and delivery services."
Ludia,LudiaGame,LudiaGame,entertainment,gaming_platform,,,Ludia is a gaming platform app by Ludia (Jam City). It develops licensed mobile games including Jurassic World Alive.
Ludo King,LudoKing,LudoKing,entertainment,mobile_games,,,Ludo King is a mobile game by Gametion Technologies. It is a digital board game based on the classic Ludo.
Lufthansa,Lufthansa,Lufthansa,transportation,travel_booking,,,"Lufthansa is a travel booking app by Lufthansa Group. It provides flight booking, check-in, and Miles & More-related travel services."
LuisaViaRoma,Luisaviaroma,Luisaviaroma,commerce,fashion,,,LuisaViaRoma is a fashion app by LuisaViaRoma (Italy). It offers luxury designer fashion e-commerce.
LumbungDana,LUMBUNGDANA,LUMBUNGDANA,finance,investment,,,LumbungDana is an investment app by PT Lumbung Dana Indonesia. It provides OJK-licensed P2P lending with online personal loans and investor funding access.
M-Paspor,M_PASPOR,M_PASPOR,platform_system,government,,,M-Paspor is a government app by Indonesia's Directorate General of Immigration. It provides passport application and queue booking services.
MAPCLUB,MAPCLUB,MAPCLUB,commerce,marketplace,,,"MAPCLUB is a shopping and loyalty app by MAP Group (PT Mitra Adiperkasa). It combines rewards, promotions, store discovery, and online shopping across MAP retail brands in Indonesia."
MEGA,MEGA,MEGA,productivity_tools,cloud_storage_file_sharing,,,MEGA is a cloud storage app by MEGA. It provides encrypted cloud storage and file sharing.
MICO,Mico,Mico,communication,social_network,,,"MICO is a social network app by Mico World. It provides stranger chat, live streaming, party rooms, and social discovery features."
MJ Weather,MJWeather,MJWeather,platform_system,weather_service,,,"MJ Weather is a weather service app, specifically the native weather application for Meizu smartphone users."
MOLA TV,MOLA_TV,MOLA_TV,entertainment,video_streaming,,,MOLA TV is a video streaming app by PT Mola Television Indonesia. It offers premium sports (Premier League) and entertainment content.
MY.GAMES,MyGames,MyGames,entertainment,gaming_platform,,,MY.GAMES is a gaming platform app by MY.GAMES (VK Company). It distributes PC and mobile games from Russian and global studios. (App not found in Signature Apps Library — tags reflect original source identifiers.)
Mail Online,MailOnline,MailOnline,information_education,news_media,,,"Mail Online is a news & media app by dmg media. It provides news, entertainment, celebrity, and lifestyle coverage."
Majoo,MAJOO,MAJOO,productivity_tools,business_operations,,,"Majoo is a business operations app by PT Majoo Teknologi Indonesia. It provides POS, CRM, inventory, and business management tools for MSMEs."
Makmur,MAKMUR,MAKMUR,finance,investment,,,Makmur is an investment app by PT Inovasi Finansial Teknologi. It provides mutual fund investing with competitive fee structures.
Malaysia Airlines,MalaysiaAirlines,MalaysiaAirlines,transportation,travel_booking,,,"Malaysia Airlines is a travel booking app by Malaysia Airlines. It provides flight booking, check-in, and Enrich loyalty services. (App not found in Signature Apps Library — tags reflect original source identifiers.)"
MamaLyfe,MAMALYFE,MAMALYFE,health_wellness,maternal_family,,,"MamaLyfe is a maternal & family app by PT Mamalyfe Selalu Diberkati. It provides parenting content, family discussions, and child development information."
Manchester United,Manutd,Manutd,information_education,news_media,,,"Manchester United is a news & media app by Manchester United Football Club. It provides official club news, match updates, and fan content."
Mandiri,Mandiri_Online|LivinByMandiri,Mandiri_Online,finance,mobile_banking,,,"Mandiri is a mobile banking app by Bank Mandiri. It provides transfers, bill payments, investment access, and QR payments."
Manga UP!,MangaUP,MangaUP,entertainment,comics_webtoon,,,Manga UP! is a comics & webtoon app by Square Enix. It provides free manga reading from Square Enix's catalog.
MangaFox,Mangafox,Mangafox,entertainment,comics_webtoon,,,MangaFox is a comics & webtoon app. It provides online manga reading across various genres.
MangaToon,MangaToon,MangaToon,entertainment,comics_webtoon,,,"MangaToon is a comics & webtoon app by MangaToon. It provides free manga, manhua, and novel reading with daily updates."
MangaTown,Mangatown,Mangatown,entertainment,comics_webtoon,,,MangaTown is a comics & webtoon app. It provides free online manga reading with a community forum.
Mangaku,mangaku,mangaku,entertainment,comics_webtoon,,,Mangaku is a comics & webtoon app. It provides Indonesian-translated manga reading.
Mango TV,MangGuoTV,MangGuoTV,entertainment,video_streaming,,,"Mango TV is a video streaming app by Hunan Broadcasting (China). It offers Chinese variety shows, dramas, and reality content."
Mannings,Mannings,Mannings,health_wellness,healthcare_telemedicine,,,"Mannings is a healthcare & telemedicine app by Dairy Farm Company Limited. It offers health and beauty product shopping, promotions, and retail services."
Manulife,ASURANSI_JIWA_MANULIFE|Manulife,ASURANSI_JIWA_MANULIFE|Manulife,finance,insurance,,,"Manulife is an insurance app by Manulife Financial. It provides life, health insurance policy access, and wealth management."
Mapbox,Mapbox,Mapbox,productivity_tools,developer_tools,,,Mapbox is a developer platform by Mapbox. It provides mapping and location APIs for building map-based applications.
Mario Kart Tour,MarioKartTour,MarioKartTour,entertainment,mobile_games,,,Mario Kart Tour is a mobile game by Nintendo. It is a kart racing game featuring Mario characters and real-world city tracks.
Masak Apa Ya,MASAKAPAYA,MASAKAPAYA,information_education,cooking_recipes,,,Masak Apa Ya is a cooking & recipes app. It provides Indonesian recipe ideas and meal inspiration.
Mastercard,MasterCard,MasterCard,finance,payment_gateway,,,"Mastercard is a payment gateway app by Mastercard Inc. It provides card-linking, transaction tracking, and contactless payment features. (App not found in Signature Apps Library — tags reflect original source identifiers.)"
Matahari,MATAHARI,MATAHARI,commerce,marketplace,,,"Matahari is a marketplace app by PT Matahari Department Store Tbk. It offers fashion, beauty, and lifestyle products through online and offline channels."
MathWorks,Mathworks,Mathworks,productivity_tools,developer_tools,,,MathWorks is a technical computing software brand by MathWorks. It provides MATLAB and Simulink tools for computing and simulation.
Mathpresso,Mathpresso,Mathpresso,information_education,general_education,,,Mathpresso is a general education app by Mathpresso. It provides study tools including QANDA for photo-based problem solving and tutoring support.
MauCash,MAUCASH,MAUCASH,finance,payment_gateway,,,MauCash is a payment gateway app by PT Astra WeLab Digital Arta. It provides personal loans with quick disbursement.
Maxim,MAXIM,Maxim,transportation,ride_hailing,,,"Maxim is a ride hailing app by Maxim. It provides ride-hailing, delivery, and related mobility services in multiple markets."
Maxx Coffee,MAXX_COFFE,MAXX_COFFE,lifestyle,dining_fnb,,,Maxx Coffee is a dining & FnB app by PT Maxx Coffee Prima. It provides coffee ordering and brand-related customer services.
Maya Bank,MayaBank,MayaBank,finance,mobile_banking,,,Maya Bank is a mobile banking app by Maya (Philippines). It offers digital banking with integrated e-wallet and crypto features.
Maybank,MAYBANK|MayBank2u,MAYBANK|MayBank2u,finance,mobile_banking,,,"Maybank is a mobile banking app by Maybank. It supports fund transfers, bill payments, and QR-based transactions."
Maybelline,Maybelline,Maybelline,commerce,fashion,,,"Maybelline is a fashion app by L'Oréal (Maybelline New York). It offers cosmetics browsing, virtual try-on, and beauty tips."
Mazda,MAZDA,MAZDA,lifestyle,automotive_owner_service,,,"Mazda is an automotive owner service app by Mazda. It provides connected-car and owner service features, including maintenance-related support."
McDonald's,Mcdonalds,Mcdonalds,lifestyle,dining_fnb,,,"McDonald's is a dining & FnB app by McDonald's. It provides ordering, McDelivery access, deals, rewards, and restaurant information."
MediaFire,MediaFire,MediaFire,productivity_tools,cloud_storage_file_sharing,,,"MediaFire is a cloud storage app by MediaFire. It provides file hosting, storage, and direct-link sharing."
Meet You,MeetYou,MeetYou,health_wellness,fitness_sport,,,"Meet You is a health tracking app. It provides menstrual cycle tracking, fertility prediction, and women's health management features."
MeetMe,Meetme,Meetme,communication,social_network,,,MeetMe is a social network app by The Meet Group. It offers social discovery through chat and live streaming.
Meetic,Meetic,Meetic,communication,dating_discovery,,,Meetic is a dating and discovery app by Meetic. It provides online dating focused on serious relationships in European markets. (App not found in Signature Apps Library — tags reflect original source identifiers.)
MeiYou,MeiYou,MeiYou,health_wellness,healthcare_telemedicine,,,MeiYou is a healthcare & telemedicine app. It provides period tracking and women's health management features.
Meipai,MeiPai,MeiPai,communication,social_network,,,"Meipai is a social video community app by Meitu. It provides short video creation and sharing, with a community focused on women users."
Melon,Melon,Melon,entertainment,music_streaming,,,Melon is a music streaming app by Kakao Entertainment (South Korea). It is South Korea's leading music streaming platform.
Mercari,Mercari,Mercari,commerce,marketplace,,,Mercari is a marketplace app by Mercari Inc (Japan). It provides a C2C marketplace for buying and selling secondhand items.
Mercedes-Benz,Mercedes_benz,Mercedes_benz,lifestyle,automotive_owner_service,,,"Mercedes-Benz is an automotive owner service app by Mercedes-Benz. It provides connected vehicle controls, remote features, and service support."
Merriam-Webster,Merriam_Webster,Merriam_Webster,information_education,general_education,,,"Merriam-Webster is a general education app by Merriam-Webster. It provides dictionary definitions, thesaurus features, and vocabulary tools."
MetaMask,MetaMask,MetaMask,finance,crypto_digital_assets,,,"MetaMask is a crypto wallet app by ConsenSys. It provides a self-custody Ethereum wallet, token management, and dApp browser for Web3 interactions."
MetaTrader,MetaTrader|MetaTrader4,MetaTrader|MetaTrader4,finance,investment,,,"MetaTrader is an investment app by MetaQuotes Software. It provides forex and CFD trading with charting, expert advisors, and multi-broker access."
Mi Watch,MI_WATCH,MI_WATCH,health_wellness,health_wearables,,,"Mi Watch is a health wearables app by Xiaomi. It syncs with Xiaomi smartwatches to monitor heart rate, sleep, workouts, and other fitness metrics."
MiChat,MiChat,MiChat,communication,instant_messaging,,,"MiChat is an instant messaging app by MiChat Pte. Ltd. It offers messaging, group chats, and nearby-user discovery features."
Microsoft Bing,Bing,Bing,productivity_tools,browser_search,,,Microsoft Bing is a browser & search app by Microsoft. It provides web search with AI chat and image generation features.
Microsoft Copilot,MicrosoftCopilot,MicrosoftCopilot,productivity_tools,ai_assistant,,,"Microsoft Copilot is an AI assistant app by Microsoft. It provides AI-powered assistance for writing, research, productivity, and coding tasks. (App not found in Signature Apps Library — tags reflect original source identifiers.)"
Microsoft Loop,MicrosoftLoop,MicrosoftLoop,productivity_tools,office_collaboration,,,Microsoft Loop is an office & collaboration app by Microsoft. It provides collaborative workspaces and reusable components across Microsoft 365 apps. (App not found in Signature Apps Library — tags reflect original source identifiers.)
Microsoft OneDrive,OneDrive,OneDrive,productivity_tools,cloud_storage_file_sharing,,,Microsoft OneDrive is a cloud storage app by Microsoft. It provides file storage and sync integrated with Microsoft 365.
Microsoft OneNote,MS_Office_OneNote,MS_Office_OneNote,productivity_tools,office_collaboration,,,"Microsoft OneNote is an office & collaboration app by Microsoft. It provides digital note-taking with notebooks, sections, and media support."
Microsoft SwiftKey,Swiftkey,Swiftkey,productivity_tools,system_utility,,,Microsoft SwiftKey is a system & utility app by Microsoft. It provides a smart keyboard with swipe typing and multilingual prediction.
Microsoft Teams,MicrosoftTeams,MicrosoftTeams,productivity_tools,office_collaboration,,,"Microsoft Teams is an office & collaboration app by Microsoft. It provides video meetings, chat, calling, and file collaboration for teams."
Midtrans,MIDTRANS,MIDTRANS,finance,payment_gateway,,,Midtrans is a payment gateway app by Midtrans (GoTo Group). It provides multi-channel payment processing for Indonesian merchants.
Minecraft,Minecraft,Minecraft,entertainment,mobile_games,,,"Minecraft is a mobile game by Mojang Studios (Microsoft). It is an open-world sandbox game for building, exploration, and survival."
Miniclip,MiniClip|Miniclippt,MiniClip|Miniclippt,entertainment,gaming_platform,,,Miniclip is a gaming platform app by Miniclip (Tencent). It develops casual mobile games including 8 Ball Pool and Subway Surfers.
Mirae HOTS,HOTSMirae,HOTSMirae,finance,investment,,,Mirae HOTS is an investment app by Mirae Asset Sekuritas Indonesia. It offers stock trading with real-time analytics and research.
Mister Aladin,MISTERALADIN,MISTERALADIN,transportation,travel_booking,,,"Mister Aladin is a travel booking app by PT Mister Mobile Indonesia. It provides hotel, flight, train, and travel package booking for Indonesian travelers."
Mitra Bukalapak,MITRABUKALAPAK,MITRABUKALAPAK,commerce,seller_tools,,,Mitra Bukalapak is a seller tools app by PT Bukalapak.com Tbk. It empowers warung owners with digital product selling and wholesale purchasing.
Mitra Tokopedia,MITRATOKOPEDIA,MITRATOKOPEDIA,commerce,seller_tools,,,Mitra Tokopedia is a seller tools app by PT Tokopedia (GoTo Group). It provides kiosk and warung digitization with PPOB and wholesale services.
Mitra10,MITRA10,MITRA10,commerce,home_living,,,"Mitra10 is a home & living app by PT Catur Mitra Sejati Sentosa (CSAP). It offers building materials, tools, and home improvement products."
Mitsubishi,MY_MITSUBISHI_MOTORS_ID,MY_MITSUBISHI_MOTORS_ID,lifestyle,automotive_owner_service,,,"Mitsubishi is an automotive owner service app by Mitsubishi Motors. It provides owner information, maintenance support, and service-related features."
MoMo,MoMo,MoMo,finance,e_wallet,,,"MoMo is an e-wallet app by M_Service (Vietnam). It offers mobile payments, bill payments, and financial services in Vietnam."
MobilBekas,MOBILBEKAS,MOBILBEKAS,commerce,automotive_market,,,MobilBekas is an automotive market app by MobilBekas.com. It provides classified listings for secondhand vehicles in Indonesia.
Mobile JKN,MOBILEJKN|MOBILE_JKN,MOBILEJKN|MOBILE_JKN,platform_system,government,,,"Mobile JKN is a government app by BPJS Kesehatan. It provides national health insurance membership services, facility access, and queue booking in Indonesia."
Mobile Legends,MLBangBang,MobileLegends,entertainment,mobile_games,,,Mobile Legends is a mobile game by Moonton (ByteDance). It is Southeast Asia's most popular 5v5 MOBA game.
MoboReels,MoboReels,MoboReels,communication,short_video_live,,,"MoboReels is a short drama video app by MOBOREADER TECHNOLOGY USA CO LTD. It provides short movies, microdramas, and vertical drama content. (App not found in Signature Apps Library — tags reflect original source identifiers.)"
ModalRakyat,MODALRAKYAT,MODALRAKYAT,finance,investment,,,ModalRakyat is an investment app by PT Modal Rakyat Indonesia. It provides OJK-licensed P2P lending for productive MSME loans and micro-borrowers.
Modalku,MODALKU,MODALKU,finance,investment,,,"Modalku is an investment app by PT Mitrausaha Indonesia Grup (Funding Societies). It provides P2P lending for SME invoice financing, term loans, and purchase-order financing across Southeast Asia."
Modifikasi,MODIFIKASI|MODIFIKASIID,MODIFIKASI|MODIFIKASIID,lifestyle,automotive_owner_service,,,Modifikasi is an automotive owner service app providing a community platform and news for vehicle modification enthusiasts.
Moduit,MODUIT,MODUIT,finance,investment,,,Moduit is an investment app by PT Moduit Digital Indonesia. It offers mutual fund investment with personalized portfolio recommendations.
Moinves,MOINVES,MOINVES,finance,investment,,,Moinves is an investment app. It provides mutual fund investment services for Indonesian retail investors.
Moka POS,MOKAPOS|Moka,MOKAPOS,productivity_tools,business_operations,,,"Moka POS is a business operations app by PT Moka Teknologi Indonesia. It provides point-of-sale, inventory, and business reporting tools."
Moladin,MOLADIN,MOLADIN,commerce,automotive_market,,,Moladin is an automotive market app by PT Moladin Digital Indonesia. It offers used motorcycle marketplace with credit and inspection services.
Momobil,MOMOBIL,MOMOBIL,commerce,automotive_market,,,Momobil is an automotive market app by PT Adi Mobil Indonesia. It provides used car buying and selling with inspection services.
Momotor,MOMOTOR,MOMOTOR,commerce,automotive_market,,,Momotor is an automotive market app. It provides motorcycle marketplace listings in Indonesia.
Monday.com,MONDAY_COM,MONDAY_COM,productivity_tools,office_collaboration,,,"Monday.com is an office & collaboration app by Monday.com. It provides project management, workflows, and team coordination tools."
MonoMax,MONOMAX,MONOMAX,entertainment,video_streaming,,,MonoMax is a video streaming app by Mono Group (Thailand). It streams Thai and international movies and series.
Montir ID,MONTIRID,MONTIRID,lifestyle,automotive_owner_service,,,Montir ID is an automotive owner service app by Montir.id. It provides mechanic booking and vehicle service assistance.
Moodle,Moodle,Moodle,information_education,general_education,,,"Moodle is a general education app by Moodle. It provides access to course materials, assignments, and learning management systems. (App not found in Signature Apps Library — tags reflect original source identifiers.)"
Moon Active,MoonActive,MoonActive,entertainment,gaming_platform,,,"Moon Active is a gaming platform app by Moon Active. It develops Coin Master, one of the top-grossing casual mobile games."
Motorplus,MOTORPLUS_ONLINE,MOTORPLUS_ONLINE,lifestyle,automotive_owner_service,,,"Motorplus is an automotive owner service app by Motorplus. It provides motorcycle news, reviews, and modification-related content."
MovieBox,MovieBox,MovieBox,entertainment,video_streaming,,,MovieBox is a video streaming app. It provides movie and TV show streaming via a mobile application. (App not found in Signature Apps Library — tags reflect original source identifiers.)
Mozilla Firefox,Mozilla|Firefox,Firefox|Mozilla,productivity_tools,browser_search,,,Mozilla Firefox is a browser & search app by Mozilla. It provides open-source web browsing with privacy-focused features.
Musixmatch,MusiXMatch,MusiXMatch,entertainment,music_streaming,,,Musixmatch is a music streaming app by Musixmatch. It provides synchronized real-time lyrics for songs across streaming services.
Muslim Pro,Muslimpro,Muslimpro,information_education,religious,,,"Muslim Pro is a religious app by Bitsmedia. It provides prayer times, Quran reading, Qibla direction, and Islamic calendar tools."
MyDigi,MyDigi,MyDigi,platform_system,telco_self_care,,,"MyDigi is a telco self-care app by Digi Telecommunications, now under CelcomDigi. It provides account management, bill payment, and internet plan purchases for Malaysian users."
MyFitApp,Myfitapp,Myfitapp,health_wellness,fitness_sport,,,"MyFitApp is a fitness & sport app by Innovatise. It provides gym information, class schedules, bookings, and facility updates."
MyFitnessPal,Myfitnesspal,Myfitnesspal,health_wellness,fitness_sport,,,"MyFitnessPal is a fitness & sport app by MyFitnessPal. It offers calorie counting, food logging, and exercise tracking."
MyICA Mobile,MyICAMobile,MyICAMobile,transportation,travel_booking,,,MyICA Mobile is a government travel document and border-services app by Singapore's Immigration & Checkpoints Authority. It provides ICA e-services such as arrival card submission and immigration-related services.
MyKorek,MyKorek,MyKorek,platform_system,telco_self_care,,,MyKorek is a telco self-care app by Korek Telecom. It provides mobile account management and recharge services. (App not found in Signature Apps Library — tags reflect original source identifiers.)
MySejahtera,MySejahtera,MySejahtera,health_wellness,healthcare_telemedicine,,,"MySejahtera is a healthcare & telemedicine app by the Government of Malaysia. It provides public health services, health records, and government-linked health management features."
MyTelkom,MyTelkom,MyTelkom,platform_system,telco_self_care,,,MyTelkom is a telco self-care app by Telkom Indonesia. It provides account management and service access for Telkom consumer products.
Mytheresa,Mytheresa,Mytheresa,commerce,fashion,,,"Mytheresa is a fashion app by Mytheresa (Germany). It provides luxury fashion e-commerce for women, men, and kids."
NBA,NBA,NBA,health_wellness,fitness_sport,,,"NBA is a fitness & sport app by the National Basketball Association. It provides live games, scores, highlights, and basketball news."
NCBC,NCBC_Mobile,NCBC_Mobile,finance,mobile_banking,,,NCBC is a mobile banking app by the National Commercial Bank (Saudi Arabia). It provides account management and transfers.
NOAA Weather,Noaa,Noaa,platform_system,weather_service,,,NOAA Weather is a weather service app providing forecasts and severe weather alerts based on National Oceanic and Atmospheric Administration data.
NOICE,NOICE,NOICE,entertainment,music_streaming,,,"NOICE is a music streaming app by PT NOICE Teknologi Indonesia. It provides Indonesian podcasts, audio dramas, and audiobook streaming."
Nabawi,NABAWI,NABAWI,information_education,religious,,,"Nabawi is a religious app providing Islamic content, prayer times, and educational resources related to the Sunnah."
Nanovest,NANOVEST,NANOVEST,finance,crypto_digital_assets,,,Nanovest is a crypto and investment app by PT Tumbuh Bersama Nano. It provides fractional US stock and cryptocurrency investing for Indonesian users.
Naver Map,NaverMap,NaverMap,transportation,navigation_maps,,,Naver Map is a navigation & maps app by Naver. It provides mapping and navigation services focused on South Korea.
NeoBank,NEOBANK,NEOBANK,finance,mobile_banking,,,NeoBank is a mobile banking app by Bank Neo Commerce. It offers digital savings accounts with competitive interest rates.
NetEase Games,WangYi_Game_Common,WangYi_Game_Common,entertainment,gaming_platform,,,NetEase Games is a gaming platform app by NetEase. It provides game distribution for NetEase titles including Identity V and Naraka.
NetShort,NetShort,NetShort,communication,short_video_live,,,NetShort is a short drama video app by NETSTORY PTE. LTD. It provides vertically formatted mobile drama series and mini-episodes. (App not found in Signature Apps Library — tags reflect original source identifiers.)
Netflix,Netflix,Netflix,entertainment,video_streaming,,,"Netflix is a video streaming app by Netflix Inc. It offers subscription-based on-demand movies, series, and original productions worldwide."
Netmarble,Netmarble,Netmarble,entertainment,gaming_platform,,,"Netmarble is a gaming platform app by Netmarble Corp. It distributes mobile games including Ni no Kuni, Marvel Future Fight, and more."
New Balance,Newbalance,Newbalance,commerce,fashion,,,New Balance is a fashion app by New Balance Athletics. It offers athletic footwear and apparel shopping.
Nexon,Nexon,Nexon,entertainment,gaming_platform,,,Nexon is a gaming platform app by Nexon. It distributes online and mobile games including MapleStory and KartRider.
Niantic,Niantic,Niantic,entertainment,gaming_platform,,,Niantic is a gaming platform app by Niantic. It develops AR location-based games including Pokemon Go and Peridot.
Nike,Nike,Nike,commerce,fashion,,,"Nike is a fashion app by Nike Inc. It offers sportswear shopping, sneaker launches (SNKRS), and Nike membership perks."
Nimo TV,NimoTV,NimoTV,communication,short_video_live,entertainment,gaming_platform,Nimo TV is a live streaming app by HUYA. It provides game live streaming and creator broadcasting features.
Nintendo Wii,Nintendo_Wii,Nintendo_Wii,entertainment,gaming_platform,,,Nintendo Wii is a gaming platform app by Nintendo. It provides Wii-related game services and content.
Nitori,Nitori,Nitori,commerce,home_living,,,Nitori is a home & living app by Nitori Holdings (Japan). It offers affordable furniture and home decor retail.
Noon,Noon,Noon,commerce,marketplace,,,"Noon is a marketplace app by Noon.com (Middle East). It offers e-commerce for electronics, fashion, and daily essentials across the Gulf region."
NordVPN,NordVPN,NordVPN,productivity_tools,system_utility,,,NordVPN is a system & utility app by Nord Security. It provides VPN encryption and privacy protection for internet traffic. (App not found in Signature Apps Library — tags reflect original source identifiers.)
Nordeus,Nordeus,Nordeus,entertainment,gaming_platform,,,Nordeus is a gaming platform app by Nordeus (Take-Two). It develops Top Eleven football manager.
Notion,Notion,Notion,productivity_tools,office_collaboration,productivity_tools,business_operations,"Notion is an office & collaboration app by Notion Labs. It provides notes, documents, databases, wikis, and project collaboration. (App not found in Signature Apps Library — tags reflect original source identifiers.)"
Nox Player,Nox,Nox,entertainment,gaming_platform,,,Nox Player is a gaming platform app by Nox Limited. It is an Android emulator for running mobile games on desktop.
Nusatrip,NUSATRIP,NUSATRIP,transportation,travel_booking,,,Nusatrip is a travel booking app by PT Nusatrip Internasional. It provides flight and hotel booking services focused on Indonesian and regional travelers.
Nusuk,NUSUK,NUSUK,information_education,religious,,,"Nusuk is a religious app by the Saudi Ministry of Hajj and Umrah. It provides pilgrimage planning, permit-related services, and travel support for Umrah and Hajj."
OCBC NISP,OCBC_NISP,OCBC_NISP,finance,mobile_banking,,,"OCBC NISP is a mobile banking app by Bank OCBC NISP. It provides transfers, bill payments, wealth management, and insurance access."
OKX,OuYi,OuYi,finance,crypto_digital_assets,,,"OKX is a crypto exchange app by OKX (formerly OKEx). It provides spot, derivatives, and DeFi trading for global users."
OLX,OLX,OLX,commerce,marketplace,,,"OLX is a marketplace app by OLX Group. It provides classified ads for buying and selling secondhand goods, vehicles, and property."
OPPO App Market,OPPO_AppStore,OPPO_AppStore,platform_system,app_store,,,OPPO App Market is an app store by OPPO. It distributes apps for OPPO smartphone users.
OVO,ovo|OVO,ovo,finance,e_wallet,finance,investment,"OVO is an e-wallet app by PT Visionet Internasional. It provides cashless payments, bill payments, rewards, and investment access across Indonesia."
OW Health,OWHEALTH,OWHEALTH,health_wellness,fitness_sport,,,"OW Health is the developer behind the 'Flo' period and ovulation tracker, focusing on data-driven women's health and reproductive wellness."
OYO Rooms,OYO_ROOMS,OYO_ROOMS,transportation,travel_booking,,,OYO Rooms is a travel booking app by OYO. It provides budget and standardized hotel booking across multiple markets.
Ocean of Movies,Oceanofmovies,Oceanofmovies,entertainment,video_streaming,,,Ocean of Movies is a video streaming app. It provides movie streaming content. (App not found in Signature Apps Library — tags reflect original source identifiers.)
OctaFX,OctaFX,OCTAFX,finance,crypto_digital_assets,,,"OctaFX is a crypto and forex trading app by Octa Markets. It provides CFD trading on forex, commodities, and crypto pairs."
Olymp Trade,OlympTrade,OlympTrade,finance,crypto_digital_assets,,,Olymp Trade is a crypto and forex trading app by OlympTrade. It provides fixed-time trades and forex CFDs for emerging market traders.
Olympic Furniture,OLYMPIC_FURNITURE,OLYMPIC_FURNITURE,commerce,home_living,,,Olympic Furniture is a home & living app by PT Cahaya Sakti Furintraco. It offers ready-to-assemble furniture in Indonesia.
Oman Air,OmanAir,OmanAir,transportation,travel_booking,,,"Oman Air is a travel booking app by Oman Air. It provides flight booking, check-in, and airline passenger services. (App not found in Signature Apps Library — tags reflect original source identifiers.)"
OmeTV,OmeTV,OmeTV,communication,social_network,,,OmeTV is a social discovery app by OmeTV. It provides random video chat with strangers worldwide.
Omi,Omi,Omi,communication,dating_discovery,,,"Omi is a dating and discovery app by Omi. It provides swipe-based dating, blind-date style matching, and personality-based discovery features."
One Piece Bounty Rush,OnePieceBountyRush,One,entertainment,mobile_games,,,One Piece Bounty Rush is a mobile game by Bandai Namco. It is a 4v4 treasure-looting action game with One Piece characters.
OneFootball,Onefootball,Onefootball,information_education,news_media,,,"OneFootball is a news & media app by OneFootball GmbH. It provides football news, live scores, highlights, and transfer updates."
Ongkowidjojo,ONGKOWIDJOJO,ONGKOWIDJOJO,lifestyle,dining_fnb,,,Ongkowidjojo is a lifestyle and enterprise app used for distribution management and business services within the Ongkowidjojo group. (App not found in Signature Apps Library — tags reflect original source identifiers.)
Online Video Converter,OnlineVideoConverter,OnlineVideoConverter,productivity_tools,system_utility,,,Online Video Converter is a system & utility app. It provides media conversion and video download-related tools.
OpenStreetMap,Openstreetmap,Openstreetmap,transportation,navigation_maps,,,OpenStreetMap is a navigation & maps platform by the OpenStreetMap Foundation. It provides free and collaboratively built map data.
OpenVPN,OpenVPN,OpenVPN,productivity_tools,system_utility,,,OpenVPN is a system & utility app by OpenVPN. It provides an open-source VPN client for secure networking.
OpenWeatherMap,Openweathermap,Openweathermap,platform_system,weather_service,,,"OpenWeatherMap is a weather data platform by OpenWeather. It provides weather forecasts, current conditions, and developer APIs."
Opera,Opera|Opera_Mini|OperaMax,Opera|Opera_Mini,productivity_tools,browser_search,,,"Opera is a browser & search app by Opera. It provides web browsing with built-in privacy, ad blocking, and browser tools."
Opera News,OperaNewsApp,OperaNewsApp,information_education,news_media,,,Opera News is a news & media app by Opera. It provides personalized news aggregation and local content feeds.
Opera VPN,OperaVPN,Opera,productivity_tools,system_utility,,,Opera VPN is a system & utility feature by Opera that provides built-in virtual private network services for secure and private web browsing.
Orami,ORAMI,ORAMI,commerce,marketplace,health_wellness,maternal_family,Orami is a parenting and shopping app by PT Orami Indonesia. It combines family-focused commerce with parenting content and community features.
Orbit,MyOrbit,MyOrbit,platform_system,telco_self_care,,,"Orbit is a telco self-care app by Telkomsel. It provides management for Orbit home internet devices, usage, and package services. (App not found in Signature Apps Library — tags reflect original source identifiers.)"
OtoDetik,OTODETIK,OTODETIK,lifestyle,automotive_owner_service,,,"OtoDetik is an automotive owner service app by detikcom. It provides automotive news, reviews, and vehicle-related editorial content."
Otomotif Kompas,OTOMOTIFKOMPAS,OTOMOTIFKOMPAS,lifestyle,automotive_owner_service,,,"Otomotif Kompas is an automotive owner service app by Kompas. It provides automotive news, reviews, and car or motorcycle content."
Otomotif Tempo,OTOMOTIFTEMPOCO,OTOMOTIFTEMPOCO,lifestyle,automotive_owner_service,,,Otomotif Tempo is an automotive owner service app by Tempo. It provides automotive news and review content.
Otosia,OTOSIA,OTOSIA,lifestyle,automotive_owner_service,,,"Otosia is an automotive owner service app by Otosia. It provides automotive news, reviews, and vehicle-related content."
Otten Coffee,OTTEN_COFFEe,OTTEN_COFFEe,lifestyle,dining_fnb,,,"Otten Coffee is a dining & FnB app by PT Otten Coffee Indonesia. It provides specialty coffee bean, machine, and brewing equipment shopping."
Outlook,Outlook,Outlook,productivity_tools,office_collaboration,,,"Outlook is an office & collaboration app by Microsoft. It provides email, calendar, contacts, and scheduling features."
Ovia Health,OVIAHEALTH,OVIAHEALTH,health_wellness,healthcare_telemedicine,,,"Ovia Health is a healthcare & telemedicine app by Ovia Health. It offers fertility, pregnancy, and parenting tracking tools."
PDF Quran,PDFQuran,PDFQuran,information_education,religious,,,"PDF Quran is a religious app providing digital, high-quality scans of the Holy Quran for offline reading and recitation."
PDF Scanner,PDF_SCANNER,PDF_SCANNER,productivity_tools,system_utility,,,PDF Scanner is a system & utility app. It provides document scanning and PDF conversion tools.
PELNI,PELNI,PELNI,transportation,public_transport_ticketing,,,PELNI is a public transport & ticketing app by PT PELNI. It provides passenger ship and ferry ticket booking services in Indonesia.
PNB,PNBDigital,PNBDigital,finance,mobile_banking,,,"PNB is a mobile banking app by Philippine National Bank. It offers transfers, bill payments, and remittance services."
POEMS,POEMS_ID,POEMS_ID,finance,investment,,,"POEMS is an investment app by Phillip Securities. It provides stock, futures, and unit trust trading across Asian markets."
PUBG,PUBG|PUBG_PC,PUBG|PUBG_PC,entertainment,mobile_games,,,PUBG is a mobile game by KRAFTON/Tencent. It is a battle royale shooter where 100 players compete on a shrinking map.
Panin Bank,MGM_PANIN,MGM_PANIN,finance,mobile_banking,,,"Panin Bank is a mobile banking app by Panin Bank. It offers transfers, payments, and account management for retail customers."
Paper Games,PaperGames,PaperGames,entertainment,gaming_platform,,,Paper Games is a gaming platform app by Papergames (China). It develops story-driven mobile games including Shining Nikki. (App not found in Signature Apps Library — tags reflect original source identifiers.)
Parent Childcare,PARENT_CHILDCARE,PARENT_CHILDCARE,health_wellness,maternal_family,,,"Parent Childcare is a maternal & family app by Parent ApS. It provides childcare management, parent communication, scheduling, billing, and child development updates."
Parentune,PARENTUNE,PARENTUNE,health_wellness,maternal_family,,,"Parentune is a maternal & family app by Parentune. It provides parenting advice, expert consultations, and community support for child health, growth, and development."
Parkee,PARKEE,PARKEE,transportation,parking,,,Parkee is a parking app by PT Parkee Digital Indonesia. It provides digital parking payment and parking management services in Indonesia. (App not found in Signature Apps Library — tags reflect original source identifiers.)
Pawoon,PAWOON,PAWOON,productivity_tools,business_operations,,,Pawoon is a business operations app by PT Pawoon Inspirasional Indonesia. It provides POS and business management tools for retail and restaurants.
Paxel,PAXEL,PAXEL,transportation,logistics_delivery,,,Paxel is a logistics & delivery app by PT Paxel Algorita Unggul. It provides same-day delivery and parcel shipping services in Indonesia.
PayMaya,PayMaya,PayMaya,finance,e_wallet,,,"PayMaya is an e-wallet app by Voyager Innovations (Philippines). It provides cashless payments, online shopping, and money transfers."
PayPal,Paypal,Paypal,finance,payment_gateway,,,"PayPal is a payment gateway app by PayPal Holdings. It enables online payments, money transfers, and merchant checkout worldwide."
PayTren,PAYTREN,PAYTREN,finance,payment_gateway,information_education,religious,"PayTren is a payment gateway app by PT Veritra Sentosa Internasional. It provides digital payments, PPOB bill payments, and Islamic fintech services."
Payfazz,PAYFAZZ,PAYFAZZ,productivity_tools,business_operations,,,Payfazz is a business operations app by Fazz Financial Group. It provides agent banking and digital financial service distribution.
Peak Games,Peakgames,Peakgames,entertainment,gaming_platform,,,Peak Games is a gaming platform app by Peak Games (Zynga). It develops puzzle games including Toon Blast and Toy Blast.
PeduliLindungi,pedulilindungi,pedulilindungi,platform_system,government,,,"PeduliLindungi was a government health app by the Indonesian government. It provided COVID-19 certificates, check-in features, and public health protocol services."
Pegadaian,PERGADAIAN,PERGADAIAN,finance,investment,,,"Pegadaian is an investment app by PT Pegadaian (state-owned). It offers gold savings, pawn services, and sharia-compliant financing."
Pegipegi,Pegipegi,pegipegi,transportation,travel_booking,,,"Pegipegi was a travel booking app by PT Go Online Destinations. It provided hotel, flight, and train booking services in Indonesia before ceasing operations."
Pepperfry,PEPPERFRY,PEPPERFRY,commerce,home_living,,,Pepperfry is a home & living app by Pepperfry (India). It offers furniture and home decor e-commerce.
Pepsi,Pepsi,Pepsi,lifestyle,dining_fnb,,,"Pepsi is a lifestyle app by PepsiCo providing brand engagement, promotional offers, and loyalty rewards for consumers."
Perfect Corp,PerfectCorp,PerfectCorp,lifestyle,beauty_personal_care,,,Perfect Corp is a beauty & personal care app by Perfect Corp. It provides AI-powered virtual try-on and beauty-tech experiences for makeup and skincare.
Perfect365,Perfect365,Perfect365,productivity_tools,design_editing,,,Perfect365 is a design & editing app by Perfect365. It provides virtual makeup simulation and beauty photo editing.
PergiKuliner,PERGIKULINER,PERGIKULINER,lifestyle,dining_fnb,,,"PergiKuliner is a dining & FnB app by PergiKuliner. It provides restaurant discovery, reviews, ratings, and dining recommendations in Indonesia."
Period Calendar,PeriodCalendar,PeriodCalendar,productivity_tools,system_utility,,,Period Calendar is a health tracking utility app. It provides menstrual cycle tracking and fertility prediction.
Periscope,Periscope,Periscope,entertainment,video_streaming,,,Periscope is a video streaming app by Twitter (X Corp). It provided mobile live video broadcasting.
PermataBank,PERMATA_MOBILE,PERMATA_MOBILE,finance,mobile_banking,,,"PermataBank is a mobile banking app by Bank Permata. It provides transfers, QR payments, and investment product access."
Perplexity,Perplexity,Perplexity,productivity_tools,ai_assistant,,,Perplexity is an AI assistant app by Perplexity. It provides AI-powered search and answer generation with cited web results. (App not found in Signature Apps Library — tags reflect original source identifiers.)
Petal Maps,PetalMap,PetalMap,transportation,navigation_maps,,,"Petal Maps is a navigation & maps app by Huawei. It provides navigation, mapping, and route planning services. (App not found in Signature Apps Library — tags reflect original source identifiers.)"
Philips,Philips,Philips,commerce,home_living,,,"Philips is a brand app by Philips. Depending on the product line, it may provide smart-device control, product services, or brand-related consumer utilities."
Pho,Pho,Pho,lifestyle,food_delivery,,,Pho is a dining & FnB app providing menu browsing and restaurant information for Vietnamese street food chains.
PhotoGrid,PhotoGrid,PhotoGrid,productivity_tools,design_editing,,,"PhotoGrid is a design & editing app by PhotoGrid. It provides photo collage, slideshow, and video editing tools."
PhotoLab,PhotoLab,PhotoLab,productivity_tools,design_editing,,,"PhotoLab is a design & editing app by Linerock Investments. It provides AI photo effects, templates, and artistic edits."
PhotoRoom,PhotoRoom,PhotoRoom,productivity_tools,design_editing,,,PhotoRoom is a design & editing app by PhotoRoom. It provides AI background removal and product photo editing.
Photobucket,Photobucket,Photobucket,productivity_tools,cloud_storage_file_sharing,,,Photobucket is a cloud storage app by Photobucket. It provides photo and video hosting and sharing.
Photomath,PhotoMath,PhotoMath,information_education,general_education,,,"Photomath is a general education app by Photomath, part of Google. It solves math problems with step-by-step explanations."
PicCollage,PicCollagePinTieQu,PicCollagePinTieQu,productivity_tools,design_editing,,,"PicCollage is a design & editing app by Cardinal Blue. It provides collage creation with templates, stickers, and layouts."
PicsArt,PicsArt,PicsArt,productivity_tools,design_editing,,,"PicsArt is a design & editing app by PicsArt. It provides photo and video editing with AI tools, stickers, and collage features."
PinjamDuit,PINJAMDUIT,PINJAMDUIT,finance,p2p_lending,,,PinjamDuit is a digital lending app. It offers consumer personal loans via a digital application in Indonesia.
PinjamModal,PINJAMMODAL,PINJAMMODAL,finance,p2p_lending,,,PinjamModal is a P2P lending app by PT Finansial Integrasi Teknologi (subsidiary of BFI Finance). It provides working capital loans for MSMEs and micro-retailers.
PinjamWinWin,PINJAMWINWIN,PINJAMWINWIN,finance,payment_gateway,,,PinjamWinWin is a payment gateway app. It provides short-term consumer loans through a mobile platform.
PinjamYuk,PINJAMYUK,PINJAMYUK,finance,payment_gateway,,,PinjamYuk is a payment gateway app. It offers personal microloans through a mobile digital application in Indonesia.
Pinterest,Pinterest,Pinterest,communication,dating_discovery,,,"Pinterest is a visual discovery app by Pinterest. It provides idea discovery, saving, and inspiration boards for fashion, recipes, home, and projects."
PixVerse,PixVerse,PixVerse,productivity_tools,ai_assistant,,,PixVerse is an AI creation app by PixVerse. It provides AI video generation from text prompts and images. (App not found in Signature Apps Library — tags reflect original source identifiers.)
Pixabay,Pixabay,Pixabay,platform_system,app_store,,,"Pixabay is a stock media platform by Canva. It provides free stock photos, videos, and illustrations."
Pixelcut,Pixelcut,Pixelcut,productivity_tools,design_editing,,,Pixelcut is a design & editing app by Pixelcut. It provides AI product photo editing and background removal.
Pizza Hut,Pizzahut,Pizzahut,lifestyle,dining_fnb,,,"Pizza Hut is a dining & FnB app by Pizza Hut. It provides food ordering, delivery, promotions, and restaurant services."
Plants vs Zombies 2,PVZ2,PVZ2,entertainment,mobile_games,,,Plants vs Zombies 2 is a mobile game by PopCap (EA). It is a tower defense game where plants defend against zombie waves.
Plato,Plato,Plato,entertainment,mobile_games,,,"Plato is a mobile game by Plato Team. It provides multiplayer social games including Werewolf, Draw Together, and card games."
PlayStation,PlayStation,PlayStation,entertainment,gaming_platform,,,"PlayStation is a gaming platform app by Sony Interactive Entertainment. It provides PS Store access, friend management, and Remote Play from PlayStation consoles."
Plex,PlexTV,PlexTV,entertainment,video_streaming,,,Plex is a video streaming app by Plex Inc. It provides personal media server streaming and free ad-supported movies/TV.
Pluang,PLUANG,PLUANG,finance,investment,,,"Pluang is an investment app by PT Bumi Santosa Cemerlang. It offers gold, mutual fund, and crypto micro-investing in Indonesia."
Podbean,Podbean,Podbean,entertainment,music_streaming,,,"Podbean is a music streaming app by Podbean Tech. It provides podcast hosting, distribution, and listening services."
Poizon,Poizon,Poizon,commerce,marketplace,,,"Poizon is a marketplace app by Dewu (China). It provides an authentication-verified marketplace for sneakers, streetwear, and luxury goods."
Pokemon,Pokemon,PokemonGo|PokemonUnite,entertainment,mobile_games,,,Pokemon is a mobile game by The Pokemon Company. It provides various Pokemon game experiences on mobile.
Pokemon Go,PokemonGo,PokemonGo,entertainment,mobile_games,,,Pokemon Go is a mobile game by Niantic. It is an augmented-reality game where players catch Pokemon in real-world locations.
Pokemon Unite,PokemonUnite,PokemonUnite,entertainment,mobile_games,,,Pokemon Unite is a mobile game by TiMi Studios (Tencent) and The Pokemon Company. It is a 5v5 MOBA featuring Pokemon.
Poki,Poki,Poki,entertainment,gaming_platform,,,Poki is a gaming platform app by Poki BV. It provides a browser-based platform for free online casual games.
Polarr,Polarr,Polarr,productivity_tools,design_editing,,,Polarr is a design & editing app by Polarr. It provides advanced photo editing with filters and AI enhancements.
Porsche,Porsche,Porsche,lifestyle,automotive_owner_service,,,"Porsche is an automotive owner service app by Porsche. It provides connected-car features, charging support, and owner services."
Pregnancy Tracker,PREGNANCY_TRACKER,PREGNANCY_TRACKER,health_wellness,healthcare_telemedicine,health_wellness,maternal_family,Pregnancy Tracker is a healthcare & telemedicine app. It provides week-by-week pregnancy monitoring and fetal development information.
Premier League,PremierLeague,PremierLeague,health_wellness,fitness_sport,,,"Premier League is a fitness & sport app by the Premier League. It provides fixtures, scores, fantasy features, and football news."
Prequel,PREQUEL,PREQUEL,productivity_tools,design_editing,,,Prequel is a design & editing app by Prequel. It provides aesthetic photo and video filters and effects.
PrivateVPN,PrivateVPN,PrivateVPN,productivity_tools,system_utility,,,PrivateVPN is a system & utility app by PrivateVPN. It provides encrypted VPN tunneling services.
Prufast,PRUFAST,PRUFAST,finance,insurance,,,Prufast is an insurance app by Prudential Indonesia. It offers quick insurance policy purchase and claims processing.
Pull&Bear,PullAndBear,PullAndBear,commerce,fashion,,,Pull&Bear is a fashion app by Inditex. It offers casual and youthful fashion retail.
Pulselive,Pulselive,Pulselive,health_wellness,fitness_sport,,,Pulselive is a digital sports technology provider (part of Sony) that develops official apps and digital platforms for major sports organizations like the Premier League and ICC.
PureVPN,PureVPN,PureVPN,productivity_tools,system_utility,,,PureVPN is a system & utility app by PureVPN. It provides VPN privacy and secure internet access services.
QQ,QQ,QQ,communication,instant_messaging,,,"QQ is an instant messaging app by Tencent. It provides messaging, file sharing, and social communication features."
QQ Browser,QQBrowser,QQBrowser,productivity_tools,browser_search,,,QQ Browser is a browser & search app by Tencent. It provides web browsing and search services for Chinese users.
QQ Games,QQGame,QQGame,entertainment,gaming_platform,,,QQ Games is a gaming platform app by Tencent. It provides casual online games integrated with the QQ platform.
QQ Music,QQ_Music,QQ_Music,entertainment,music_streaming,,,QQ Music is a music streaming app by Tencent Music Entertainment. It offers music streaming with one of the largest Chinese music libraries.
QQ Reader,QQReader,QQReader,productivity_tools,office_collaboration,,,QQ Reader is a reading app by Tencent. It provides ebook reading and access to Chinese digital literature.
QQCar,QQCar,QQCar,commerce,automotive_market,,,QQCar is a game app. It refers to a car-racing style mobile game rather than an automotive marketplace service.
Qasir,QASIR,QASIR,productivity_tools,business_operations,,,Qasir is a business operations app by PT Solusi Pasar Digital. It provides POS and business management tools for MSMEs.
Qatar Airways,QatarAirways,QatarAirways,transportation,travel_booking,,,"Qatar Airways is a travel booking app by Qatar Airways. It provides flight booking, check-in, and Privilege Club services. (App not found in Signature Apps Library — tags reflect original source identifiers.)"
QooApp,Qoo_App,Qoo_App,platform_system,app_store,,,"QooApp is an app store focused on Asian mobile games. It distributes Japanese, Korean, Chinese, and anime-related mobile game titles."
QuVideo,QuVideo,QuVideo,productivity_tools,design_editing,,,QuVideo is a video editing app publisher brand. It develops editing apps including VivaVideo.
Quark Browser,Quark,Quark,productivity_tools,browser_search,,,Quark Browser is a browser & search app by UCWeb. It provides a minimalist browser with search and AI-assisted features.
QuillBot,Quillbot,Quillbot,productivity_tools,ai_assistant,,,"QuillBot is an AI assistant app by QuillBot. It provides paraphrasing, grammar checking, summarization, and writing assistance. (App not found in Signature Apps Library — tags reflect original source identifiers.)"
Quora,Quora,Quora,communication,social_network,,,Quora is a social network app by Quora Inc. It provides a question-and-answer platform where users share knowledge and opinions.
Qustodio,Qustodio,Qustodio,health_wellness,maternal_family,,,"Qustodio is a maternal & family app by Qustodio. It provides parental controls including screen time management, content filtering, and location tracking."
Qwen,Qwen,Qwen,productivity_tools,ai_assistant,,,Qwen is an AI assistant app by Alibaba Cloud. It provides large language model-based AI assistance for multilingual and multimodal tasks. (App not found in Signature Apps Library — tags reflect original source identifiers.)
RCTI+,RCTI+,RCTI+,entertainment,video_streaming,,,"RCTI+ is a video streaming app by PT MNC Digital Entertainment. It offers live TV, catch-up content from RCTI, MNCTV, and GTV channels."
RITA,RITA,RITA,platform_system,telco_self_care,,,RITA is a telco self-care virtual assistant by Indosat Ooredoo Hutchison providing automated support for IM3 and Tri users.
RTI Business,RTI_BUSINESS,RTI_BUSINESS,finance,investment,,,RTI Business is an investment app by RTI Infokom. It provides real-time Indonesian stock market data and portfolio tracking.
Rabbani,RABBANI,RABBANI,commerce,fashion,,,Rabbani is a fashion app by PT Rabbani Asysa. It offers kerudung (hijab) and modest fashion retail in Indonesia.
Radio FM,RadioFM,Radio,entertainment,music_streaming,,,Radio FM is a music streaming app. It provides FM radio station streaming via mobile.
Radmin,Radmin,Radmin,productivity_tools,developer_tools,,,Radmin is a remote administration tool by Famatech. It provides secure remote computer access and control.
Ragnarok Online,RagnarokOnline,RagnarokOnline,entertainment,mobile_games,,,Ragnarok Online is a mobile game by Gravity Co (South Korea). It is an MMORPG based on the classic Ragnarok franchise.
RajaMobil,RAJAMOBILCOM,RAJAMOBILCOM,commerce,automotive_market,,,RajaMobil is an automotive market app by PT Raja Mobil Indonesia. It offers new and used car listings with dealer comparison.
Rakuten,Rakuten,Rakuten,commerce,marketplace,,,"Rakuten is a marketplace app by Rakuten Group (Japan). It offers e-commerce, cashback, and digital services globally."
Ralali,RALALI,RALALI,commerce,b2b,,,Ralali is a B2B marketplace app by PT Raksasa Laju Lintang. It offers industrial and business supplies procurement in Indonesia.
RapidTV,RapidTV,RapidTV,entertainment,video_streaming,,,RapidTV is a video streaming app. It provides video streaming services. (App not found in Signature Apps Library — tags reflect original source identifiers.)
Raptor POS,RAPTORPOS,RAPTORPOS,productivity_tools,business_operations,,,Raptor POS is a business operations app. It provides point-of-sale services for merchants.
Reddit,Reddit,Reddit,communication,social_network,,,Reddit is a social network app by Reddit Inc. It offers community-driven discussion forums across a wide range of topics.
ReelShort,ReelShort,ReelShort,communication,short_video_live,,,ReelShort is a short drama video app by Crazy Maple Studio. It offers bite-sized vertical drama episodes for mobile viewing.
Remini,REMINI,REMINI,productivity_tools,design_editing,,,"Remini is a design & editing app by Bending Spoons. It provides AI photo enhancement, restoration, and upscaling. (App not found in Signature Apps Library — tags reflect original source identifiers.)"
Reservix,Reservix,Reservix,transportation,travel_booking,,,"Reservix is an event ticketing app by Reservix. It provides concert, cultural, and live event ticket booking."
Restau POS,RESTAUPOS,RESTAUPOS,productivity_tools,business_operations,,,Restau POS is a business operations app. It provides restaurant-focused POS and order management tools.
Restock.id,RESTOCK_ID,RESTOCK_ID,finance,p2p_lending,,,"Restock.id is a P2P lending app by PT Restock.id. It provides asset-backed P2P lending for creative retail MSMEs, using inventory as collateral."
Richeese Factory,RICHEESE_FACTORY,RICHEESE_FACTORY,lifestyle,dining_fnb,,,Richeese Factory is a dining & FnB app by PT Richeese Kuliner Indonesia. It provides food ordering and related customer services for Richeese Factory outlets. (App not found in Signature Apps Library — tags reflect original source identifiers.)
Rings,RINGS,RINGS,commerce,fashion,,,Rings is too generic as an app name. Confirm the exact publisher or brand before assigning a jewelry-commerce description.
Riot Games,Riotgames,Riotgames,entertainment,gaming_platform,,,"Riot Games is a gaming platform app by Riot Games (Tencent). It provides game launching and management for League of Legends, Valorant, and more."
Rise of Kingdoms,RiseOfKingdoms,RiseOfKingdoms,entertainment,mobile_games,,,Rise of Kingdoms is a mobile game by Lilith Games. It is a real-time strategy civilization-building game with PvP warfare.
Roblox,Roblox,Roblox,entertainment,mobile_games,,,Roblox is a mobile game by Roblox Corporation. It is a user-generated gaming platform where players create and play community-built games.
Rockstar Games,Rockstargames,Rockstargames,entertainment,gaming_platform,,,"Rockstar Games is a gaming platform app by Rockstar Games (Take-Two). It distributes GTA, Red Dead Redemption, and other titles."
Rosalia Indah,ROSALIAINDAH,ROSALIAINDAH,transportation,public_transport_ticketing,,,Rosalia Indah is a public transport & ticketing app by PO Rosalia Indah. It provides intercity bus ticket booking and passenger services.
Rovio,Rovio,Rovio,entertainment,gaming_platform,,,Rovio is a gaming platform app by Rovio Entertainment (SEGA). It develops Angry Birds franchise games.
Royal Jordanian,RoyalJordanianAirlines,RoyalJordanianAirlines,transportation,travel_booking,,,Royal Jordanian is a travel booking app by Royal Jordanian. It provides flight booking and airline passenger services. (App not found in Signature Apps Library — tags reflect original source identifiers.)
Ruangguru,Ruang_Guru,Ruang_Guru,information_education,general_education,,,"Ruangguru is a general education app by PT Ruang Raya Indonesia. It provides online tutoring, video lessons, and test preparation for Indonesian students."
Rumah Belajar,Rumah_Belajar,Rumah_Belajar,information_education,general_education,,,Rumah Belajar is a general education app by the Indonesian Ministry of Education. It provides free digital learning resources for Indonesian students and teachers.
Rumah123,RUMAH123,RUMAH123,commerce,property,,,Rumah123 is a property marketplace app by PT Web Marketing Indonesia (99 Group). It offers residential property listings for sale and rent across Indonesia.
RupaRupa,RUPARUPA,RUPARUPA,commerce,marketplace,,,"RupaRupa is a marketplace app by PT Ruparupa (Kawan Lama Group). It offers home improvement, furniture, and electronics through an omnichannel platform."
Rupiah Cepat,RUPIAHCEPAT,RUPIAHCEPAT,finance,payment_gateway,,,Rupiah Cepat is a payment gateway app by PT Kredit Utama Fintech Indonesia. It provides fast personal microloans via mobile.
Ryanair,Ryanair,Ryanair,transportation,travel_booking,,,"Ryanair is a travel booking app by Ryanair. It provides low-cost flight booking, check-in, and mobile boarding pass features."
SEGA,Sega_co,Sega_co,entertainment,gaming_platform,,,"SEGA is a gaming platform app by SEGA Corp. It distributes Sonic, Yakuza, and other SEGA franchise mobile games."
SHAREit,SHAREit,SHAREit,productivity_tools,cloud_storage_file_sharing,,,SHAREit is a file sharing app by Smart Media4U Technology. It provides peer-to-peer offline file transfer between devices.
SMBC,SMBC,SMBC,finance,mobile_banking,,,SMBC is a mobile banking app by Sumitomo Mitsui Banking Corporation. It provides account management and digital banking for Japanese customers.
SalesPlay POS,SALESPLAYPOS,SALESPLAYPOS,productivity_tools,business_operations,,,"SalesPlay POS is a business operations app by SalesPlay. It provides POS, inventory, and staff management for merchants."
Salesforce,Salesforce,Salesforce,productivity_tools,developer_tools,productivity_tools,business_operations,"Salesforce is a business platform app by Salesforce. It provides CRM, sales, service, and enterprise workflow tools."
Sampoerna,SAMPOERNA,SAMPOERNA,other,tobacco_device,,,"Sampoerna is a business operations app providing B2B retail management and empowerment tools, such as the Ayo SRC platform. (App not found in Signature Apps Library — tags reflect original source identifiers.)"
Samsung Cloud,SamsungCloud,SamsungCloud,productivity_tools,cloud_storage_file_sharing,,,Samsung Cloud is a cloud storage service by Samsung. It provides backup and sync for supported Samsung device data.
Samsung Galaxy Store,Samsungapps,Samsungapps,platform_system,app_store,,,"Samsung Galaxy Store is an app store by Samsung. It distributes apps, themes, and device-specific content for Samsung Galaxy users."
Saqina,SAQINA,SAQINA,information_education,religious,,,"Saqina is a religious app focused on spiritual well-being, providing Islamic mindfulness content and Quranic recitations."
Saturdays,SATURDAYS,SATURDAYS,commerce,fashion,,,Saturdays is a fashion app by SATURDAYS (PT Saturdays Pagi Indonesia). It offers affordable premium eyewear and sunglasses D2C in Indonesia.
Sayurbox,SAYURBOX,SAYURBOX,commerce,grocery,,,Sayurbox is a grocery app by PT Sayurbox Teknologi Indonesia. It offers farm-to-table fresh produce and grocery delivery.
Scooper News,ScooperNews,ScooperNews,information_education,news_media,,,Scooper News is a news & media app by Transsnet. It provides personalized news and entertainment content with a regional focus.
Screen Recorder & Video Recorder,ScreenRecorderVideoRecorder,ScreenRecorderVideoRecorder,productivity_tools,system_utility,,,Screen Recorder & Video Recorder is a system & utility app. It provides screen recording and video capture tools on mobile devices.
Scribd,Scribd,Scribd,productivity_tools,office_collaboration,,,"Scribd is an office & collaboration app by Scribd. It provides access to ebooks, audiobooks, documents, and reading content."
SeaBank,SEA_BANK,SEA_BANK,finance,mobile_banking,,,SeaBank is a mobile banking app by SeaBank Indonesia (Sea Group). It offers high-interest savings and integrates with Shopee.
Seek,Seek,Seek,lifestyle,job_freelance,,,Seek is a job & freelance app by SEEK. It provides job search and recruitment services across Asia-Pacific markets.
Segari,SEGARI,SEGARI,commerce,grocery,,,Segari is a grocery app by PT Segari. It provides next-day fresh produce and grocery delivery in Indonesia.
SehatQ,SEHATQ,SEHATQ,health_wellness,healthcare_telemedicine,,,"SehatQ is a healthcare & telemedicine app by PT SehatQ Harsana Emedika. It offers doctor consultations, health articles, and healthcare provider discovery."
Sekolahmu,Sekolahmu,Sekolahmu,information_education,general_education,,,Sekolahmu is a general education app by PT Sekolah.mu Indonesia Cipta. It provides online learning programs and educational pathways for Indonesian learners.
Sephora,Sephora,Sephora,lifestyle,beauty_personal_care,,,"Sephora is a beauty & personal care app by Sephora. It provides beauty product shopping, recommendations, and loyalty features."
ShareSDK,ShareSDK,ShareSDK,productivity_tools,cloud_storage_file_sharing,,,ShareSDK is a developer SDK by MobTech. It provides social sharing and third-party login integration for app developers.
Shein,Shein,Shein,commerce,fashion,,,Shein is a fashion app by Roadget Business Pte. It offers ultra-fast fashion e-commerce with low-cost global shipping.
Shell,Shell,Shell,platform_system,energy_ev,,,"Shell is an energy & EV app by Shell. It provides fuel station locator, payment, rewards, and EV charging services through Shell and Shell Recharge."
Shop App,ShopApp,ShopApp,commerce,marketplace,,,"Shop App is a shopping app by Shopify. It provides order tracking, product discovery, and Shop Pay-enabled checkout across participating stores. (App not found in Signature Apps Library — tags reflect original source identifiers.)"
Shopee,Shopee,Shopee,commerce,marketplace,finance,e_wallet,"Shopee is a marketplace app by Sea Group. It is Southeast Asia's leading e-commerce platform with integrated payments, logistics, and social commerce features."
ShopeePay,SHOPEEPAY,SHOPEEPAY,finance,e_wallet,,,"ShopeePay is an e-wallet app by Shopee (Sea Group). It enables seamless Shopee checkout, merchant QR payments, and bill payments."
Shopify,Shopify|Myshopify,Myshopify|Shopify,commerce,seller_tools,productivity_tools,business_operations,Shopify is a seller tools app by Shopify Inc. It provides e-commerce platform for merchants to build online stores with payment and shipping management.
ShortTV,ShortTV,ShortTV,communication,short_video_live,,,"ShortTV is a short drama video app. It provides vertical mini-dramas (often called micro-dramas or duanju) designed specifically for smartphones. Unlike traditional TV, these series are filmed in a vertical 9:16 format so you can watch them without rotating your phone."
Shutterstock,ShutterStock,ShutterStock,platform_system,app_store,,,"Shutterstock is a stock media platform by Shutterstock. It provides licensed stock photos, videos, music, and creative assets."
Signal,Signal_Private_Messenger,Signal_Private_Messenger,communication,instant_messaging,,,Signal is an instant messaging app by Signal Foundation. It offers privacy-focused messaging and calls with end-to-end encryption.
SimCity BuildIt,Simcitybuildit,Simcitybuildit,entertainment,mobile_games,,,SimCity BuildIt is a mobile game by EA. It is a city-building simulation where players design and manage a metropolis.
Simas Fund,SIMAS_FUND,SIMAS_FUND,finance,investment,,,Simas Fund is an investment app by Sinarmas Asset Management. It provides mutual fund investment and portfolio management.
Simfy Africa,SimfyAfrica,SimfyAfrica,entertainment,music_streaming,,,Simfy Africa is a music streaming app by Simfy Africa. It offers music streaming services in African markets.
Simpel,SIMPEL,SIMPEL,platform_system,telco_self_care,,,Simpel is a digital service utility used for account management and service registration within telco or government ecosystems.
Sina News,SinaNews,SinaNews,information_education,news_media,,,Sina News is a news & media app by Sina. It provides Chinese-language news and media coverage.
Sinarmas Insurance,ASURANSI_SINARMAS_ONLINE,ASURANSI_SINARMAS_ONLINE,finance,insurance,,,"Sinarmas Insurance is an insurance app by PT Asuransi Sinar Mas. It provides motor, health, and property insurance services."
Skoda,Skoda_Auto,Skoda_Auto,lifestyle,automotive_owner_service,,,Skoda is an automotive owner service app by Skoda Auto. It provides connected-car services and owner support features.
Sky Sports,SkySports,SkySports,health_wellness,fitness_sport,,,"Sky Sports is a fitness & sport app by Sky. It provides sports news, live scores, highlights, and video content."
Skyscanner,SkyScanner,SkyScanner,transportation,travel_booking,,,"Skyscanner is a travel booking app by Skyscanner, part of Trip.com Group. It provides flight, hotel, and car rental search and price comparison."
Slack,Slack,Slack,productivity_tools,office_collaboration,,,"Slack is an office & collaboration app by Slack, part of Salesforce. It provides team messaging, channels, workflows, and app integrations."
Slither.io,Slither,Slither,entertainment,mobile_games,,,Slither.io is a mobile game by Steve Howse. It is a multiplayer snake-style io game where players grow by consuming orbs.
SmartThings,SmartThings,SmartThings,lifestyle,smart_home,,,"SmartThings is a smart home app by Samsung. It provides centralized control, automation, and monitoring for compatible smart home devices."
Smule,Smule,Smule,communication,social_network,entertainment,music_streaming,"Smule is a social music app by Smule Inc. It offers karaoke singing, duets, and collaborative music creation."
SnackVideo,SnackVideo,SnackVideo,communication,short_video_live,,,SnackVideo is a short video and live app by Kuaishou Technology. It offers short video creation and browsing.
SnapEdit,SnapEdit,SnapEdit,productivity_tools,design_editing,,,SnapEdit is a design & editing app by SnapEdit. It provides AI-powered object removal and photo cleanup.
Snapchat,SnapChat|snapchat_mobile,SnapChat|snapchat_mobile,communication,social_network,,,"Snapchat is a social network app by Snap Inc. It provides disappearing photo and video messaging, Stories, AR lenses, and creator content discovery."
Sniper 3D Assassin,Sniper3DAssassin,Sniper3DAssassin,entertainment,mobile_games,,,Sniper 3D Assassin is a mobile game by Wildlife Studios. It is a first-person sniper shooting game with mission-based gameplay.
SoSo Map,SoSoMap,SoSoMap,transportation,navigation_maps,,,SoSo Map is a navigation & maps app by Tencent. It provides mapping and navigation services within the Tencent ecosystem.
Sobot,Sobot,Sobot,productivity_tools,business_operations,,,Sobot is a business operations app by Sobot. It provides AI-powered customer service and contact center solutions.
SofaScore,Sofascore,Sofascore,health_wellness,fitness_sport,,,"SofaScore is a fitness & sport app by SofaScore. It provides live scores, player ratings, and match statistics across many sports."
Solo Leveling: Arise,SoloLevelingArise,SoloLevelingArise,entertainment,mobile_games,,,Solo Leveling: Arise is a mobile game by Netmarble. It is an action RPG based on the Solo Leveling manhwa franchise. (App not found in Signature Apps Library — tags reflect original source identifiers.)
Sony LIV,SonyTV,SonyTV,entertainment,video_streaming,,,"Sony LIV is a video streaming app by Sony Pictures Networks India. It streams sports (cricket), Hindi originals, and movies."
Soompi,Soompi,Soompi,information_education,news_media,,,"Soompi is a news & media app by Soompi, part of Rakuten Viki. It provides K-pop, K-drama, and Korean entertainment news."
SoundCloud,SoundCloud,SoundCloud,entertainment,music_streaming,,,SoundCloud is a music streaming app by SoundCloud. It provides a platform for independent artists to upload and share music.
South China Morning Post,SCMP,SCMP,productivity_tools,business_operations,,,"South China Morning Post is a news app by SCMP. It provides Hong Kong, China, and Asia-focused journalism."
SportFeeds,Sportfeeds,Sportfeeds,information_education,news_media,,,"SportFeeds is a news & media app that aggregates real-time sports headlines, scores, and breaking news from various global sports outlets."
Sportradar,Sportradar,Sportradar,health_wellness,fitness_sport,,,"Sportradar is a sports technology and data company that provides real-time sports scores, statistics, and integrity services to media companies and bookmakers."
Spotify,Spotify,Spotify,entertainment,music_streaming,,,"Spotify is a music streaming app by Spotify Technology SA. It provides on-demand music, podcasts, and personalized playlists."
Springer,Springer,Springer,information_education,general_education,,,"Springer is a general education app by Springer Nature. It provides access to academic books, journals, and research content."
Squad Busters,SquadBusters,SquadBusters,entertainment,mobile_games,,,Squad Busters is a mobile game by Supercell. It is a multiplayer action game featuring characters from Supercell's game universe. (App not found in Signature Apps Library — tags reflect original source identifiers.)
Sriwijaya Air,SRIWIJAYA,SRIWIJAYA,transportation,travel_booking,,,Sriwijaya Air is a travel booking app by PT Sriwijaya Air. It provides flight booking and airline-related passenger services.
Standard Chartered,STANDART_CHARTERED_BANK,STANDART_CHARTERED_BANK,finance,mobile_banking,,,"Standard Chartered is a mobile banking app by Standard Chartered Bank. It offers account management, transfers, and wealth services."
StarCharge,StarCharge,StarCharge,lifestyle,automotive_owner_service,,,StarCharge is an automotive owner service app by Star Charge. It provides EV charging-related services such as station access and charging management.
Starbucks,StarBucks,StarBucks,lifestyle,dining_fnb,,,"Starbucks is a dining & FnB app by Starbucks. It provides ordering, payment, loyalty rewards, and store locator services."
Stardust TV,StardustTV,StardustTV,entertainment,video_streaming,,,Stardust TV is a video streaming app. It provides entertainment and celebrity content streaming. (App not found in Signature Apps Library — tags reflect original source identifiers.)
Steam,Valve_Steam|Steamcommunity,Steamcommunity|Valve_Steam,entertainment,gaming_platform,,,Steam is a gaming platform app by Valve Corporation. It is the world's largest PC game distribution platform with community and workshop features.
Sticker.ly,Sticker_Ly,Sticker_Ly,productivity_tools,system_utility,,,Sticker.ly is a system & utility app by Sticker.ly. It provides custom sticker creation and sharing for messaging apps.
Stockbit,STOCKBIT,STOCKBIT,finance,investment,,,"Stockbit is an investment app by PT Stockbit Sekuritas. It provides stock trading, social investing features, and market analysis tools."
Strava,Strava,Strava,health_wellness,fitness_sport,communication,social_network,"Strava is a fitness & sport app by Strava Inc. It provides GPS activity tracking for running, cycling, and other sports with social and leaderboard features."
Stumble Guys,StumbleGuys,StumbleGuys,entertainment,mobile_games,,,Stumble Guys is a mobile game by Kitka Games (Scopely). It is a multiplayer party knockout game with obstacle courses.
Subway Surfers,SubwaySurfers,SubwaySurfers,entertainment,mobile_games,,,Subway Surfers is a mobile game by SYBO Games. It is an endless runner where players dash through subway tracks.
Suno,Suno,Suno,entertainment,music_streaming,,,Suno is a music streaming app by Suno Inc. It provides AI-powered music generation from text prompts. (App not found in Signature Apps Library — tags reflect original source identifiers.)
Super Mario Run,SuperMarioRun,SuperMarioRun,entertainment,mobile_games,,,Super Mario Run is a mobile game by Nintendo. It is a side-scrolling runner featuring Mario with one-handed gameplay.
Superbank,SUPERBANK,SUPERBANK,finance,mobile_banking,,,"Superbank is a mobile banking app by PT Bank Superbank Indonesia (backed by Emtek, Grab, Singtel, and KakaoBank). It provides digital savings and lending products for underbanked users."
Supercell,SuperCell_Common,SuperCell_Common,entertainment,gaming_platform,,,"Supercell is a gaming platform app by Supercell (Tencent). It provides access to Supercell games including Clash of Clans, Brawl Stars, and Hay Day."
Sushiroll,SUSHIROLL,SUSHIROLL,entertainment,video_streaming,,,Sushiroll is a video streaming app by PT Sushiroll Media. It streams anime content for Indonesian audiences.
Sweatcoin,Sweatcoin,Sweatcoin,health_wellness,fitness_sport,finance,e_wallet,Sweatcoin is a fitness & sport app by Sweatco Ltd. It converts walking activity into in-app rewards and wellness incentives.
TCL Watch,TCL_WATCH,TCL_WATCH,health_wellness,health_wearables,,,TCL Watch is a health wearables app by TCL. It provides device management and health data visualization for TCL’s range of smart wearables.
TED,TED,TED,information_education,general_education,,,TED is a general education app by TED Conferences. It provides talks and educational videos from experts across many fields.
TIDAL,Tidal,Tidal,entertainment,music_streaming,,,TIDAL is a music streaming app by Block Inc (formerly Square). It offers high-fidelity lossless music streaming and exclusive content.
TIX ID,TIXID|TIX_ID,TIXID|TIX_ID,transportation,travel_booking,,,TIX ID is an entertainment ticketing app by PT Nusantara Elang Sejahtera. It provides movie ticket booking and broader entertainment-related ticketing and promotions in Indonesia.
TLS ESNI,TLS_ESNI,TLS_ESNI,productivity_tools,system_utility,,,"TLS ESNI is a system & utility tool used to enable Encrypted Server Name Indication, helping users bypass SNI-based filtering and improve privacy."
TV Quran,TVQuran,TVQuran,information_education,religious,,,TV Quran is a religious app. It provides Quran recitation audio and related Islamic listening content.
Talabat,Talabat,Talabat,lifestyle,food_delivery,,,"Talabat is a food delivery app by Talabat, part of Delivery Hero. It provides restaurant food delivery and grocery services across the Middle East."
Talkie AI,TalkieAI,Talkie,productivity_tools,ai_assistant,,,Talkie AI is an AI assistant app by Talkie. It provides AI character chat and roleplay-style conversations.
TanTan,TanTan,TanTan,communication,dating_discovery,,,TanTan is a dating and discovery app by Tantan. It provides swipe-based dating and social matching.
Tanamduit,TANAMDUIT,TANAMDUIT,finance,investment,finance,e_wallet,"Tanamduit is an investment app by PT Star Mercato Capitale. It offers mutual fund, gold, and government bond micro-investing."
Tango,Tango,Tango,entertainment,video_streaming,,,Tango is a video streaming app by Tango (TangoMe). It provides live streaming with virtual gifts and social features.
TaniFund,TANIFUND,TANIFUND,finance,investment,,,TaniFund is an investment app by PT Tani Fund Madani Indonesia. It provides P2P lending for agricultural projects.
Taobao,TaoBao,TaoBao,commerce,marketplace,,,Taobao is a marketplace app by Alibaba Group. It is China's largest C2C marketplace offering billions of product listings.
TapTap,Gametaptap,Gametaptap,entertainment,gaming_platform,,,TapTap is a gaming platform app by TapTap. It is an independent game discovery and distribution platform for mobile games globally.
Taralite,TARALITE,TARALITE,finance,payment_gateway,,,Taralite is a payment gateway app by PT Indonusa Bara Sejahtera. It offers small-ticket consumer loans and e-commerce installments.
Taxsee,Taxsee,Taxsee,transportation,ride_hailing,,,Taxsee is a ride hailing app by Taxsee. It provides taxi dispatch and ride-hailing services.
TeamViewer,TeamViewer,TeamViewer,productivity_tools,developer_tools,,,"TeamViewer is a remote access and support app by TeamViewer. It provides remote desktop, device control, and support tools."
Telkomsel,MyTelkomsel|Telkomsel,MyTelkomsel|Telkomsel,platform_system,telco_self_care,,,"Telkomsel is a telco self-care app by PT Telekomunikasi Selular, commonly through the MyTelkomsel app. It provides account management, top-ups, package purchases, and digital services."
Teman Bumil,TEMAN_BUMIL,TEMAN_BUMIL,health_wellness,healthcare_telemedicine,health_wellness,maternal_family,"Teman Bumil is a healthcare & telemedicine app by Teman Bumil. It provides pregnancy guidance, maternal health content, and parenting support for Indonesian mothers."
Temu,Temu,Temu,commerce,marketplace,,,Temu is a marketplace app by PDD Holdings. It offers ultra-low-price cross-border e-commerce shipping directly from Chinese factories.
Tencent Games,Tencent_Common,Tencent_Common,entertainment,gaming_platform,,,Tencent Games is a gaming platform app by Tencent. It provides game distribution and management for Tencent's portfolio of mobile games.
Tencent Health,TencentHealth,TencentHealth,health_wellness,healthcare_telemedicine,,,"Tencent Health is a healthcare & telemedicine app by Tencent. It provides online medical consultations, health records management, and integration with public health services in China."
Tencent News,TencentNews,TencentNews,information_education,news_media,,,"Tencent News is a news & media app by Tencent. It provides Chinese-language news, video, and topic feeds within the Tencent ecosystem."
Tennis Clash,TennisClash,TennisClash,entertainment,mobile_games,,,Tennis Clash is a mobile game by Wildlife Studios. It is a real-time multiplayer tennis sports game. (App not found in Signature Apps Library — tags reflect original source identifiers.)
Tenpay,Tenpay,Tenpay,finance,payment_gateway,,,Tenpay is a payment gateway app by Tencent. It provides online payment processing integrated with QQ and WeChat services.
Tentang Anak,TENTANG_ANAK,TENTANG_ANAK,health_wellness,maternal_family,,,"Tentang Anak is a maternal & family app by Tentang Anak. It provides pregnancy support, child development tracking, and parenting education from trusted experts."
Tesla,Teslamotors,Teslamotors,lifestyle,automotive_owner_service,,,"Tesla is an automotive owner service app by Tesla. It provides remote vehicle controls, charging management, and service support."
The Asian Parent,THE_ASIAN_PARENT,THE_ASIAN_PARENT,health_wellness,maternal_family,,,"The Asian Parent is a maternal & family app by theAsianparent. It provides pregnancy tracking, parenting content, and family-focused community features."
The Economist Espresso,Economist_Espresso,Economist_Espresso,information_education,news_media,,,"The Economist Espresso is a news & media app by The Economist. It provides concise daily briefings on world affairs, business, and economics."
The Independent,Independent,Independent,information_education,news_media,,,"The Independent is a news & media app by The Independent. It provides UK and international news, opinion, and feature journalism."
The New York Times,Nytimes,Nytimes,information_education,news_media,,,"The New York Times is a news & media app by The New York Times Company. It provides news, analysis, opinion, and culture coverage."
The Spike,TheSpike,TheSpike,entertainment,mobile_games,,,The Spike is a mobile game by HIGH-X. It is a volleyball simulation game with spike timing mechanics.
The Wall Street Journal,Wsj,Wsj,information_education,news_media,,,"The Wall Street Journal is a news & media app by Dow Jones. It provides business, financial, and general news coverage."
The Washington Post,Washingtonpost,Washingtonpost,productivity_tools,business_operations,,,"The Washington Post is a news app by The Washington Post. It provides American and international journalism, analysis, and opinion."
The Weather Channel,WeatherChannel,WeatherChannel,platform_system,weather_service,,,"The Weather Channel is a weather service app by The Weather Company. It provides forecasts, radar, and severe weather updates."
Threads,Threads,Threads,communication,social_network,,,Threads is a social network app by Meta Platforms. It offers text-based social posting linked to Instagram accounts.
Ticketmaster,TICKET_MASTER_SG,TICKET_MASTER_SG,transportation,travel_booking,,,"Ticketmaster is an event ticketing app by Ticketmaster, part of Live Nation Entertainment. It provides event, concert, and sports ticket booking worldwide."
TikTok,TikTok,TikTok,communication,short_video_live,commerce,marketplace,"TikTok is a short video and live app by ByteDance. It provides short-form video creation, sharing, live streaming, and algorithm-driven content discovery."
TikTok Seller,TikTokSeller,TikTokSeller,commerce,seller_tools,communication,short_video_live,TikTok Seller is a seller tools app by ByteDance. It provides merchant management tools for selling products via TikTok Shop.
Tiket.com,tiket,tiket,transportation,travel_booking,,,"Tiket.com is a travel booking app by PT Global Tiket Network. It provides flights, hotels, trains, car rentals, and event ticket bookings in Indonesia."
Tinder,Tinder,Tinder,communication,dating_discovery,,,Tinder is a dating and discovery app by Match Group. It provides swipe-based matching for dating and social connections.
Titipku,TITIPKU,TITIPKU,transportation,logistics_delivery,,,"Titipku is a logistics & delivery app by PT Titipku Teknologi Indonesia. It provides market shopping, local commerce, and delivery services."
Tmall,TMall,TMall,commerce,marketplace,,,Tmall is a marketplace app by Alibaba Group. It provides a premium B2C e-commerce platform for branded goods in China.
Toca Boca,TocaBoca,TocaBoca,entertainment,gaming_platform,,,Toca Boca is a gaming platform app by Toca Boca (Spin Master). It develops creative play apps for children. (App not found in Signature Apps Library — tags reflect original source identifiers.)
TokoModal,TOKO_MODAL,TOKO_MODAL,finance,p2p_lending,,,TokoModal is a P2P lending app by PT Toko Modal Mitra Usaha. It provides micro-financing for small shop owners through agent-based P2P lending.
Tokocrypto,TOKOCRYPTO,TOKOCRYPTO,finance,crypto_digital_assets,,,Tokocrypto is a crypto exchange app by PT Crypto Indonesia Berkat. It offers cryptocurrency trading for Indonesian users.
Tokopedia,Tokopedia,Tokopedia,commerce,marketplace,finance,e_wallet,Tokopedia is a marketplace app by PT Tokopedia (GoTo Group). It is one of Indonesia's largest C2C/B2C marketplaces with integrated digital goods and financial services.
Tokyo Disney Resort,TokyoDisneyResort,TokyoDisneyResort,transportation,travel_booking,,,"Tokyo Disney Resort is a destination planning and ticketing app by Oriental Land Co. It provides park ticketing, attraction planning, and resort information for Tokyo Disney Resort."
Toon Blast,ToonBlast,ToonBlast,entertainment,mobile_games,,,Toon Blast is a mobile game by Peak Games (Zynga). It is a cartoon-themed puzzle game with cube-matching mechanics.
Top Eleven,Topeleven,Topeleven,entertainment,mobile_games,,,Top Eleven is a mobile game by Nordeus. It is a football manager simulation game with real-time multiplayer.
Top War,TopWarBattleGame,TopWarBattleGame,entertainment,mobile_games,,,Top War is a mobile game by Topwar Studio. It is a merge-to-upgrade strategy war game. (App not found in Signature Apps Library — tags reflect original source identifiers.)
TopBuzz,TopBuzz,TopBuzz,information_education,news_media,,,TopBuzz was a news & media app by ByteDance. It provided AI-curated news and viral content feeds before being discontinued in many markets.
Touch ’n Go eWallet,TNGeWallet,TNGeWallet,finance,e_wallet,,,"Touch ’n Go eWallet is an e-wallet app by TNG Digital (Malaysia). It enables toll payments, transit fares, and merchant QR payments."
Township,Township,Township,entertainment,mobile_games,,,Township is a mobile game by Playrix. It combines city-building with farming and resource management.
Toy Blast,ToyBlast,ToyBlast,entertainment,mobile_games,,,Toy Blast is a mobile game by Peak Games (Zynga). It is a puzzle game with toy-themed block matching. (App not found in Signature Apps Library — tags reflect original source identifiers.)
Toyota,Toyota|MTOYOTA,Toyota,lifestyle,automotive_owner_service,,,"Toyota is an automotive owner service app by Toyota. It provides owner information, service booking, and connected-car features."
TractoGo,TRACTOGO,TRACTOGO,transportation,public_transport_ticketing,,,"TractoGo is a transport rental app by TRAC, part of Astra. It provides car rental, bus rental, and airport transfer booking services."
TradingView,TradingView|TRADINGVIEW,TRADINGVIEW,finance,investment,,,"TradingView is an investment app by TradingView Inc. It provides advanced charting, technical analysis, and community-driven trading ideas."
Travelio,TRAVELIO,TRAVELIO,transportation,travel_booking,,,"Travelio is a travel booking app by PT Travelio Group. It provides apartment, house, and short- or long-stay property rental booking in Indonesia."
Traveloka,Traveloka,Traveloka,transportation,travel_booking,finance,bnpl_pay_later,"Traveloka is a travel booking app by PT Traveloka Indonesia. It provides flights, hotels, trains, attractions, airport transfers, and other travel bookings across Southeast Asia."
Trebel,TrebelMusic,TrebelMusic,entertainment,music_streaming,,,Trebel is a music streaming app by Trebel Music. It provides free ad-supported offline music downloads for emerging markets.
Tri Indonesia,BIMA|BIMA_TRI|TRI_CO|MY_TRI|PERDANA_TRI|CARE_TRI|REGISTRASI_TRI,BIMA|BIMA_TRI|CARE_TRI|MY_TRI|PERDANA_TRI|REGISTRASI_TRI|TRI_CO,platform_system,telco_self_care,,,"Tri Indonesia is a telco self-care app by PT Hutchison 3 Indonesia, commonly through the bima+ app. It provides account management, package purchases, and usage tracking."
Tribunnews,Tribunnews,Tribunnews,information_education,news_media,,,"Tribunnews is a news & media app by Tribun Network, part of Kompas Gramedia. It provides Indonesian national and regional news coverage."
Tripadvisor,TripAdvisor,TripAdvisor,commerce,review_platform,,,"Tripadvisor is a review platform app by Tripadvisor Inc. It offers user reviews and bookings for hotels, restaurants, and attractions worldwide."
Trivago,Trivago,Trivago,transportation,travel_booking,,,Trivago is a travel booking app by trivago. It compares hotel prices across multiple booking websites.
TrueMoney,TrueMoney,TrueMoney,finance,e_wallet,,,"TrueMoney is an e-wallet app by Ascend Money (CP Group). It provides money transfers, bill payments, and merchant payments in Southeast Asia."
Truecaller,TrueCaller,TrueCaller,productivity_tools,system_utility,,,"Truecaller is a system & utility app by True Software Scandinavia. It provides caller ID, spam blocking, and phone number lookup."
Tubi,TubiTV,TubiTV,entertainment,video_streaming,,,Tubi is a video streaming app by Fox Corporation. It provides free ad-supported movies and TV shows.
TunaiKu,TUNAIKU,TUNAIKU,finance,payment_gateway,,,TunaiKu is a payment gateway app by PT Amar Bank Indonesia. It provides personal loans and installment credit via mobile.
Tuneeca,TUNEECA,TUNEECA,commerce,fashion,,,Tuneeca is a fashion app by PT Tuneeca Indonesia. It offers modest fashion and Muslim wear retail.
TunnelBear,TunnelBearVPN,TunnelBearVPN,productivity_tools,system_utility,,,TunnelBear is a system & utility app by TunnelBear. It provides user-friendly VPN services for private browsing.
Turbo VPN,TurboVPN,TurboVPN,productivity_tools,system_utility,,,Turbo VPN is a system & utility app. It provides VPN proxy services for mobile devices.
Turkish Airlines,Turkishairlines,Turkishairlines,transportation,travel_booking,,,"Turkish Airlines is a travel booking app by Turkish Airlines. It provides flight booking, check-in, and Miles&Smiles account services."
Twitch,TwitchTV,TwitchTV,entertainment,video_streaming,entertainment,gaming_platform,"Twitch is a video streaming app by Amazon (Twitch Interactive). It provides live game streaming, esports, and creator community content."
UATAS,UATAS,UATAS,finance,payment_gateway,,,UATAS is a payment gateway app. It offers consumer lending services through a digital platform.
UBS,Ubs,Ubs,finance,mobile_banking,,,UBS is a mobile banking app by UBS Group AG. It provides wealth management and private banking services.
UC Browser,UCWeb,UCWeb,productivity_tools,browser_search,,,UC Browser is a browser & search app by UCWeb. It provides mobile web browsing with data compression and content discovery.
UCAN,UCAN,UCAN,information_education,general_education,,,UCAN is a general education app providing test preparation and assessment tools for competitive exams and academic certifications.
UEFA,Uefa,Uefa,health_wellness,fitness_sport,,,"UEFA is a fitness & sport app by UEFA. It provides match schedules, scores, and content for UEFA competitions."
UIN Maulana Malik Ibrahim Malang,UNIVUINMALANG,UNIVUINMALANG,information_education,campus_lms,,,UIN Maulana Malik Ibrahim Malang is a campus & LMS app by UIN Maulana Malik Ibrahim Malang. It provides academic services and campus information for students.
UKU,UKU,UKU,finance,p2p_lending,,,UKU is a digital lending app. It offers consumer microloan services via a mobile application in Indonesia.
UNO!,UNO,UNO,entertainment,mobile_games,,,UNO! is a mobile game by Mattel163. It is a digital version of the classic UNO card game with online multiplayer.
UOB,TMRWbyUOB,TMRWbyUOB,finance,mobile_banking,,,"UOB is a mobile banking app by United Overseas Bank. It provides account management, credit card controls, and cross-border transfers."
UangMe,UANGME,UANGME,finance,p2p_lending,,,UangMe is a digital lending app by PT UangMe Fintek Indonesia. It provides personal loans with online-only processing.
Uangku,UANGKU,UANGKU,finance,e_wallet,,,Uangku is a digital finance app. It provides personal finance management and financial services via mobile.
Uber,Uber,Uber,transportation,ride_hailing,,,Uber is a ride hailing app by Uber Technologies. It provides on-demand ride-hailing and related mobility services globally.
Ubisoft,Ubisoft,Ubisoft,entertainment,gaming_platform,,,"Ubisoft is a gaming platform app by Ubisoft. It distributes mobile versions of Assassin's Creed, Just Dance, and more."
Ulike,Ulike,Ulike,productivity_tools,design_editing,,,Ulike is a design & editing app. It provides beauty camera and selfie enhancement tools.
Under Armour,Underarmour,Underarmour,commerce,fashion,,,Under Armour is a fashion app by Under Armour Inc. It offers athletic performance apparel and footwear shopping.
UnionPay,UnionPay,UnionPay,finance,payment_gateway,,,UnionPay is a payment gateway app by China UnionPay. It enables card payments and cross-border transactions.
Uniqlo,Uniqlo,Uniqlo,commerce,fashion,,,Uniqlo is a fashion app by Fast Retailing (Japan). It offers LifeWear basics and seasonal fashion with in-store pickup.
Universitas Brawijaya,UNIVUNBRAW,UNIVUNBRAW,information_education,campus_lms,,,Universitas Brawijaya is a campus & LMS app by Universitas Brawijaya. It provides academic information and student service access.
Universitas Diponegoro,UNIVUNDIP,UNIVUNDIP,information_education,campus_lms,,,Universitas Diponegoro is a campus & LMS app by Universitas Diponegoro. It provides student academic and campus service features.
Universitas Gadjah Mada,UNIVUGM,UNIVUGM,information_education,campus_lms,,,Universitas Gadjah Mada is a campus & LMS app by Universitas Gadjah Mada. It provides student academic information and campus services.
Universitas Gunadarma,UNIVGUNADARMA,UNIVGUNADARMA,information_education,campus_lms,,,Universitas Gunadarma is a campus & LMS app by Universitas Gunadarma. It provides academic services and student portal access.
Universitas Indonesia,UNIVUI,UNIVUI,information_education,campus_lms,,,Universitas Indonesia is a campus & LMS app by Universitas Indonesia. It provides student academic information and campus services.
Universitas Islam Indonesia,UNIVUII,UNIVUII,information_education,campus_lms,,,Universitas Islam Indonesia is a campus & LMS app by Universitas Islam Indonesia. It provides academic and student service information.
Universitas Negeri Semarang,UNIVUNNES,UNIVUNNES,information_education,campus_lms,,,Universitas Negeri Semarang is a campus & LMS app by Universitas Negeri Semarang. It provides student academic services and campus information.
Universitas Negeri Yogyakarta,UNIVNEGERIYOGYAKARTA,UNIVNEGERIYOGYAKARTA,information_education,campus_lms,,,Universitas Negeri Yogyakarta is a campus & LMS app by Universitas Negeri Yogyakarta. It provides student academic services and university information.
Universitas Padjadjaran,UNIVUNPAD,UNIVUNPAD,information_education,campus_lms,,,Universitas Padjadjaran is a campus & LMS app by Universitas Padjadjaran. It provides student academic portal access and campus information.
Universitas Pendidikan Indonesia,UNIVUPI,UNIVUPI,information_education,campus_lms,,,Universitas Pendidikan Indonesia is a campus & LMS app by Universitas Pendidikan Indonesia. It provides academic services and student portal features.
Universitas Sebelas Maret,UNIVUNS,UNIVUNS,information_education,campus_lms,,,Universitas Sebelas Maret is a campus & LMS app by Universitas Sebelas Maret. It provides student academic information and campus services.
Universitas Terbuka,UNIVTERBUKA,UNIVTERBUKA,information_education,campus_lms,,,Universitas Terbuka is a campus & LMS app by Universitas Terbuka. It provides distance learning access and student academic services.
Universitas Udayana,UNIVUDAYANA,UNIVUDAYANA,information_education,campus_lms,,,Universitas Udayana is a campus & LMS app by Universitas Udayana. It provides student academic services and campus information.
Unsplash,Unsplash,Unsplash,platform_system,app_store,,,Unsplash is a stock photography platform by Getty Images. It provides free high-resolution photography. (App not found in Signature Apps Library — tags reflect original source identifiers.)
UpFoto,UpFoto,Ufoto,productivity_tools,design_editing,,,UpFoto is a design & editing app. It provides photo editing and enhancement tools.
Upwork,UPWORK,UPWORK,lifestyle,job_freelance,,,Upwork is a job & freelance app by Upwork. It provides a global freelancing marketplace for remote work and project-based hiring.
VOA News,Voanews,Voanews,information_education,news_media,,,VOA News is a news & media app by Voice of America. It provides international news and multimedia reporting in multiple languages.
VPN Master,VpnMaster,VpnMaster,productivity_tools,system_utility,,,VPN Master is a system & utility app. It provides VPN proxy services for mobile devices.
VPN Super Unlimited Proxy,VPNSuperUnlimitedProxy,Super,productivity_tools,system_utility,,,VPN Super Unlimited Proxy is a system & utility app. It provides VPN and proxy services for mobile devices.
VPN Unlimited,VPNUnlimited,VPNUnlimited,productivity_tools,system_utility,,,VPN Unlimited is a system & utility app by KeepSolid. It provides VPN encryption and secure connection services.
VSCO,Vsco,Vsco,productivity_tools,design_editing,,,VSCO is a design & editing app by VSCO. It provides photo and video editing with film-style presets and a creative community.
Valorant,Valorant,Valorant,entertainment,mobile_games,,,Valorant is a mobile game by Riot Games. It is a tactical first-person shooter with character-based abilities.
Viber,Viber,Viber,communication,instant_messaging,,,"Viber is an instant messaging app by Rakuten Viber. It provides messaging, voice calls, video calls, and group chats."
VidMate,Vidmate,Vidmate,entertainment,video_streaming,,,VidMate is a video streaming app by VidMate Studio. It provides video discovery and download from multiple streaming sources.
Vidio,Vidio,Vidio,entertainment,video_streaming,,,"Vidio is a video streaming app by PT Vidio Dot Com (Emtek Group). It streams Indonesian dramas, sports (Liga 1), and live TV."
Vidiostream,Vidiostream,Vidiostream,entertainment,video_streaming,,,Vidiostream is a video streaming app. It provides video streaming services.
Vigo Video,VigoVideo,VigoVideo,communication,short_video_live,,,"Vigo Video (formerly known as Hypstar), was a popular short-form video platform similar to TikTok that allowed users to create and share 15-second clips. However, it is important to note that its original global version was officially shut down by its parent company, ByteDance, in October 2020."
Viki,Viki,Viki,entertainment,video_streaming,,,Viki is a video streaming app by Rakuten Viki. It provides Asian dramas and movies with community-contributed subtitles in 200+ languages.
Vimeo,Vimeo,Vimeo,entertainment,video_streaming,,,Vimeo is a video streaming app by Vimeo Inc. It provides high-quality video hosting for creators and businesses.
Vireo POS,VIREOPOS,VIREOPOS,productivity_tools,business_operations,,,Vireo POS is a business operations app. It provides point-of-sale management tools for small businesses.
Vision+,VISION,VISION,entertainment,video_streaming,,,Vision+ is a video streaming app by MNC Vision Networks. It provides live TV channels and on-demand content from MNC Group.
Visual Studio,Visualstudio,Visualstudio,productivity_tools,developer_tools,,,Visual Studio is a developer tool by Microsoft. It provides an integrated development environment for building software applications.
Viu,Viu,Viu,entertainment,video_streaming,,,"Viu is a video streaming app by PCCW (Hong Kong). It offers Asian dramas, Korean content, and local originals in Southeast Asia."
ViuTV,ViuTV,ViuTV,entertainment,video_streaming,,,ViuTV is a video streaming app by PCCW (Hong Kong). It offers live and on-demand Hong Kong free-to-air TV content.
VivaVideo,VivaVideo,VivaVideo,productivity_tools,design_editing,,,"VivaVideo is a design & editing app by QuVideo. It provides video editing with transitions, effects, and music tools."
Vivo App Store,Vivo_AppStore,Vivo_AppStore,platform_system,app_store,,,Vivo App Store is an app store by Vivo. It distributes apps for Vivo smartphone users.
Vivo GameCenter,Vivo_GameCenter,GameCenter,entertainment,gaming_platform,,,Vivo GameCenter is a gaming platform app by Vivo. It provides game distribution for Vivo device users.
VlogNow,VlogNow,VlogNow,productivity_tools,design_editing,,,"VlogNow is a design & editing app, now commonly branded as VN Video Editor. It provides mobile video editing with templates, effects, and timeline controls."
Volkswagen,Volkswagen,Volkswagen,lifestyle,automotive_owner_service,,,"Volkswagen is an automotive owner service app by Volkswagen. It provides connected vehicle services, maintenance support, and owner features."
Voodoo,Voodoo,Voodoo,entertainment,gaming_platform,,,Voodoo is a gaming platform app by Voodoo (France). It develops hyper-casual mobile games.
Vuclip,VuClip,VuClip,entertainment,video_streaming,,,Vuclip is a video streaming app by Vuclip (PCCW). It provides mobile video streaming optimized for emerging markets.
WPS Office,WPS|Office,Office|WPS,productivity_tools,office_collaboration,,,"WPS Office is an office & collaboration app by Kingsoft. It provides document, spreadsheet, PDF, and presentation editing tools."
Wahana Tata,WAHANA_TATA,WAHANA_TATA,finance,insurance,,,Wahana Tata is an insurance app by PT Asuransi Wahana Tata. It offers general insurance including motor and property coverage.
Waiterio,WAITERIO,WAITERIO,lifestyle,dining_fnb,,,"Waiterio is a dining & FnB app by Waiterio. It provides POS, ordering, and restaurant management tools for food businesses."
Walmart,Walmart,Walmart,commerce,grocery,,,"Walmart is a grocery app by Walmart Inc. It offers grocery pickup, delivery, and general merchandise e-commerce."
Watsons,WATSONSID|Watsons|BeautyCircle,BeautyCircle|WATSONSID|Watsons,lifestyle,beauty_personal_care,,,"Watsons is a beauty & personal care app by A.S. Watson Group. It provides health and beauty shopping, promotions, and loyalty services."
Wattpad,Wattpad,Wattpad,communication,social_network,,,Wattpad is a social storytelling app by Wattpad WEBTOON Studios. It provides a community for reading and writing user-generated stories.
Waze,WazeGPS,WazeGPS,transportation,navigation_maps,,,Waze is a navigation & maps app by Google. It provides community-driven navigation with real-time traffic and road incident updates.
WeChat,WeChat,WeChat,communication,instant_messaging,,,"WeChat is an instant messaging app by Tencent. It combines messaging, social networking, payments, and mini-programs in one platform."
WeChat Pay,WeChat_Pay,WeChat_Pay,finance,payment_gateway,,,"WeChat Pay is an e-wallet app by Tencent. It provides in-app payments, merchant QR transactions, and money transfers within the WeChat ecosystem."
WeMuslim,WeMuslim,WeMuslim,information_education,religious,,,"WeMuslim is a religious app. It provides prayer times, Quran tools, and Muslim lifestyle features."
WeTV,WeTV,WeTV,entertainment,video_streaming,,,"WeTV is a video streaming app by Tencent. It streams Chinese and Asian dramas, anime, and variety shows for Southeast Asian audiences."
Weather Reader,WeatherReader,WeatherReader,platform_system,weather_service,,,Weather Reader is a weather service utility that aggregates and reads out loud meteorological data and updates.
Weather.com,Wx_co,Wx_co,platform_system,weather_service,,,"Weather.com is a weather service platform by The Weather Company. It provides forecasts, radar, and weather information."
Weather.gov,WeatherGov,WeatherGov,platform_system,weather_service,,,"Weather.gov is the official weather platform of the US National Weather Service. It provides forecasts, alerts, and weather warnings."
WeatherCN,Weathercn,Weathercn,platform_system,weather_service,,,WeatherCN is a weather service app focused on China. It provides weather forecasts for Chinese locations.
WebComics,WebComics,WebComics,entertainment,comics_webtoon,,,WebComics is a comics & webtoon app by WebComics. It provides manga and webtoon reading with a community feature.
Weverse,Weverse,Weverse,communication,social_network,,,"Weverse is a social network app by WEVERSE COMPANY, part of HYBE. It provides artist-fan community interaction and exclusive fan content."
Weverse Shop,WeverseShop,Weverse,commerce,marketplace,,,Weverse Shop is a marketplace app by HYBE Corp. It sells official K-pop merchandise and artist goods tied to the Weverse fan platform.
WhatsApp,WhatsApp,WhatsApp,communication,instant_messaging,,,"WhatsApp is an instant messaging app by Meta Platforms. It provides end-to-end encrypted text messaging, voice calls, video calls, and group chats."
Wikipedia,Wikipedia,Wikipedia,information_education,reference_wiki,,,Wikipedia is a reference & wiki app by the Wikimedia Foundation. It provides free encyclopedia articles across many languages.
Wiko Watch,WIKO_WATCH,WIKO_WATCH,health_wellness,health_wearables,,,Wiko Watch is a health wearables app by Wiko. It tracks physical activity and health stats for users of Wiko branded smart bands and watches.
Windy,Windy,Windy,platform_system,weather_service,,,"Windy is a weather service app by Windy.com. It provides animated weather maps with wind, rain, temperature, and wave layers. (App not found in Signature Apps Library — tags reflect original source identifiers.)"
WithBuddies,Withbuddies,Withbuddies,entertainment,gaming_platform,,,WithBuddies is a gaming platform app. It provides social multiplayer gaming experiences.
Wix,Wix,Wix,productivity_tools,business_operations,commerce,seller_tools,"Wix is a business operations app by Wix. It provides website building, hosting, and online store management for businesses."
Wolt,Wolt,Wolt,lifestyle,food_delivery,,,"Wolt is a food delivery app by Wolt, part of DoorDash. It provides food and retail delivery services in multiple markets."
WordBit English,WordBitEnglish,WordBitEnglish,information_education,general_education,,,WordBit English is a general education app by WordBit. It provides vocabulary learning through lock-screen flashcard-style lessons.
Wuling,MYWULING,MYWULING,lifestyle,automotive_owner_service,,,"Wuling is an automotive owner service app by Wuling. It provides owner support, vehicle information, and service-related features."
X (Twitter),Twitter,Twitter,communication,social_network,,,"X (Twitter) is a social network app by X Corp. It provides real-time posting, replies, communities, and live conversation features."
XE,Xe,Xe,finance,investment,,,XE is an investment app by XE.com (Euronet Worldwide). It provides live currency exchange rates and international money transfers.
XL Axiata,MyXL|XL_pt,MyXL|XL_pt,platform_system,telco_self_care,,,"XL Axiata is a telco self-care app by PT XL Axiata, commonly through the myXL app. It provides account management, top-ups, quota checks, and package purchases."
Xbox,Xbox,Xbox,entertainment,gaming_platform,,,"Xbox is a gaming platform app by Microsoft. It provides Xbox Game Pass, social features, and remote play from Xbox consoles."
Xendit,XENDIT,XENDIT,finance,payment_gateway,,,Xendit is a payment gateway app by Xendit. It offers payment infrastructure and disbursement APIs for businesses in Southeast Asia.
Xero,XERO,XERO,productivity_tools,developer_tools,,,"Xero is an accounting app by Xero. It provides cloud-based bookkeeping, invoicing, and business finance management."
Xfers,XFERS,XFERS,productivity_tools,business_operations,,,"Xfers is a business operations and payments infrastructure brand, now part of Fazz. It provides payment and financial API services for businesses."
Xiaomi App Store,XiaoMi_AppStore,XiaoMi_AppStore,platform_system,app_store,,,"Xiaomi App Store is an app store by Xiaomi. It distributes apps for Xiaomi, Redmi, and related device users."
Xiaomi Store,XiaoMiShop,XiaoMiShop,commerce,marketplace,,,"Xiaomi Store is a marketplace app by Xiaomi Corp. It offers official hardware, accessories, and smart home products from Xiaomi's ecosystem. (App not found in Signature Apps Library — tags reflect original source identifiers.)"
XingTu,XingTu,XingTu,productivity_tools,design_editing,,,XingTu is a design & editing app by ByteDance. It provides photo editing and beauty enhancement tools for the Chinese market.
Xsolla,Xsolla,Xsolla,finance,payment_gateway,,,"Xsolla is a payment gateway app by Xsolla. It specializes in game commerce, providing in-game payments and distribution for game developers. (App not found in Signature Apps Library — tags reflect original source identifiers.)"
YUP,YUP,YUP,finance,bnpl_pay_later,,,YUP is a pay-later and credit access app. It provides buy-now-pay-later and consumer credit services.
YY,YY,YY,communication,social_network,,,YY is a social entertainment app by JOYY Inc. It provides live streaming and interactive online community features.
Yahoo Search,YahooSearch,YahooSearch,productivity_tools,browser_search,,,"Yahoo Search is a browser & search app by Yahoo. It provides web search and personalized news, featuring Yahoo Scout for AI-powered answers."
Yamaha,MY_YAMAHA_MOTOR,MY_YAMAHA_MOTOR,lifestyle,automotive_owner_service,,,"Yamaha is an automotive owner service app by Yamaha Motor. It provides motorcycle-related owner services, maintenance information, and brand support. (App not found in Signature Apps Library — tags reflect original source identifiers.)"
Yandex Disk,YandexDisk,YandexDisk,productivity_tools,cloud_storage_file_sharing,,,Yandex Disk is a cloud storage app by Yandex. It provides cloud storage and file synchronization.
Yandex Music,YandexMusic,YandexMusic,entertainment,music_streaming,,,Yandex Music is a music streaming app by Yandex (Russia). It offers music streaming and personalized recommendations.
Yandex Search,Yandex,Yandex,productivity_tools,browser_search,,,Yandex Search is a search app by Yandex. It provides web search and related information services for Russian-language users.
Yandex Video,YandexVideo,YandexVideo,entertainment,video_streaming,,,Yandex Video is a video streaming app by Yandex (Russia). It provides video search and streaming aggregation.
Yo! Inves,YO_INVES,YO_INVES,finance,investment,,,Yo! Inves is an investment app. It provides retail investment access for Indonesian users.
YouTube,YouTube,YouTube,entertainment,video_streaming,entertainment,music_streaming,"YouTube is a video streaming app by Google (Alphabet). It provides user-generated and professional video content, live streaming, and Shorts."
YouTube Kids,YouTubeKids,YouTubeKids,entertainment,video_streaming,,,"YouTube Kids is a video streaming app by Google. It provides a curated, child-safe video experience with parental controls."
YouTube Music,YouTubeMusic,YouTubeMusic,entertainment,music_streaming,,,"YouTube Music is a music streaming app by Google. It offers music streaming with official songs, albums, music videos, and remixes."
Youku,YouKu,YouKu,entertainment,video_streaming,,,"Youku is a video streaming app by Alibaba Group. It offers Chinese dramas, movies, and variety shows."
Yousician,Yousician,Yousician,information_education,general_education,,,Yousician is a general education app by Yousician. It provides interactive music learning for instruments and singing.
Youtap,YOUTAP,YOUTAP,finance,payment_gateway,,,Youtap is a payment gateway app by PT Youtap Indonesia. It provides QR-based payment acceptance and merchant management tools.
Zahir,ZAHIR,ZAHIR,productivity_tools,developer_tools,,,Zahir is an accounting app by Zahir Internasional. It provides accounting and bookkeeping software for Indonesian businesses.
Zalando,Zalando,Zalando,commerce,marketplace,,,Zalando is a marketplace app by Zalando SE (Germany). It offers fashion and lifestyle e-commerce across European markets.
Zalo,Zalo,Zalo,communication,instant_messaging,,,"Zalo is an instant messaging app by VNG Corporation. It offers messaging, voice and video calls, and social communication features."
Zalora,Zalora,Zalora,commerce,marketplace,,,Zalora is a marketplace app by Zalora Group (Global Fashion Group). It specializes in fashion e-commerce across Southeast Asia.
Zara,Zara,Zara,commerce,fashion,,,"Zara is a fashion app by Inditex. It offers fast fashion shopping with new collections, in-store stock checking, and click-and-collect."
Zello,Zello_Walkie_Talkie,Zello_Walkie_Talkie,communication,instant_messaging,,,Zello is an instant messaging app by Zello Inc. It provides push-to-talk walkie-talkie communication over mobile data and Wi-Fi.
Zenius,ZENIUSEDUCATION,ZENIUSEDUCATION,information_education,general_education,,,"Zenius is a general education app by Zenius Education. It provides recorded lessons, exercises, and learning support for Indonesian students."
Zing MP3,Zing_MP3,Zing_MP3,entertainment,music_streaming,,,Zing MP3 is a music streaming app by VNG Corporation (Vietnam). It provides music streaming for Vietnamese audiences.
Ziraat Bank,ZiraatBank,ZiraatBank,finance,mobile_banking,,,"Ziraat Bank is a mobile banking app by T.C. Ziraat Bankasi (Turkey). It offers account management, transfers, and loan services."
Zizara,ZIZARA,ZIZARA,commerce,fashion,,,Zizara is a fashion app. It offers modest Muslim fashion retail in Indonesia.
Zomato,Zomato,Zomato,lifestyle,dining_fnb,,,"Zomato is a dining & FnB app by Zomato. It provides restaurant discovery, menus, reviews, and dining-related services."
Zoom,Zoom,Zoom,productivity_tools,office_collaboration,,,"Zoom is an office & collaboration app by Zoom. It provides video meetings, webinars, chat, and team collaboration features."
Zoosk,Zoosk,Zoosk,communication,dating_discovery,,,Zoosk is a dating and discovery app by Zoosk. It offers online dating with behavioral matchmaking features.
Zoya,ZOYA,ZOYA,commerce,fashion,,,"Zoya is a fashion app by PT Shafco Multi Trading. It offers hijab, modest fashion, and cosmetics retail in Indonesia."
Zynga,Zynga,Zynga,entertainment,gaming_platform,,,"Zynga is a gaming platform app by Zynga (Take-Two). It develops social games including FarmVille, Words With Friends, and Zynga Poker."
beIN SPORTS,Beinsports,Beinsports,entertainment,video_streaming,,,"beIN SPORTS is a video streaming app by beIN Media Group. It provides live sports coverage including football, tennis, and motorsport."
blu by BCA,BLUBYBCA,BLUBYBCA,finance,mobile_banking,,,"blu by BCA is a mobile banking app by BCA Digital. It provides budgeting pockets, transfers, and lifestyle-oriented banking for young adults."
eBay,eBay,eBay,commerce,marketplace,,,eBay is a marketplace app by eBay Inc. It provides auction-style and fixed-price e-commerce for new and secondhand goods globally.
eFootball,eFootball,Onefootball,entertainment,mobile_games,,,eFootball is a mobile game by Konami. It is a free-to-play football simulation with licensed teams and real-time PvP.
flyadeal,Flyadeal,Flyadeal,transportation,travel_booking,,,flyadeal is a travel booking app by flyadeal. It provides low-cost flight booking and passenger services.
flydubai,Flydubai,Flydubai,transportation,travel_booking,,,"flydubai is a travel booking app by flydubai. It provides flight booking, check-in, and airline passenger services. (App not found in Signature Apps Library — tags reflect original source identifiers.)"
iFunny,iFunny,iFunny,entertainment,comedy_memes,,,iFunny is a comedy & memes app by iFunny Inc. It provides a meme and funny content sharing community.
iGrow,IGROW,IGROW,finance,investment,,,iGrow is an investment app by PT iGrow Resources Indonesia. It connects investors with agricultural and aquaculture projects for social-impact returns.
iHeartRadio,Iheart,Iheart,entertainment,music_streaming,,,"iHeartRadio is a music streaming app by iHeartMedia. It provides live radio, podcasts, and custom playlists."
iHerb,IHerb,IHerb,health_wellness,healthcare_telemedicine,,,"iHerb is a healthcare & telemedicine app by iHerb. It offers online shopping for vitamins, supplements, and natural health products."
iMessage,iMessage,iMessage,communication,instant_messaging,,,"iMessage is an instant messaging service by Apple. It provides encrypted messaging, media sharing, and communication features across Apple devices."
iOtomotif,IOTOMOTIF,IOTOMOTIF,lifestyle,automotive_owner_service,,,"iOtomotif is an automotive owner service app providing digital news, reviews, and market price information for vehicles."
iQIYI,iQIYI,Iqiyi,entertainment,video_streaming,,,"iQIYI is a video streaming app by Baidu (iQIYI Inc). It provides Chinese dramas, movies, and variety shows with subtitles for global audiences."
iReader,IReader,IReader,productivity_tools,office_collaboration,,,iReader is a reading app by iReader Technology. It provides ebook reading and digital publishing services.
iSeller,ISELLER_RETAIL,ISELLER_RETAIL,commerce,seller_tools,,,iSeller is a seller tools app by PT iSeller Commerce. It offers omnichannel POS and e-commerce management for Indonesian retailers.
iStyle,ISTYLE,ISTYLE,commerce,fashion,,,iStyle is a fashion app by iStyle. It offers beauty and cosmetics e-commerce.
iTunes,ITunes,ITunes,platform_system,app_store,,,"iTunes is a digital media platform by Apple. It provides music, movie, and podcast purchasing and library management rather than a mobile app store."
iflix,iFlix,iFlix,entertainment,video_streaming,,,iflix is a video streaming app by iflix (now part of WeTV). It offered free and premium Asian entertainment streaming.
inDrive,inDriver,inDriver,transportation,ride_hailing,,,inDrive is a ride hailing app by inDrive. It provides ride-hailing with negotiated fares between passengers and drivers.
m-Smile,M_SMILE,M_SMILE,finance,mobile_banking,,,"m-Smile is a mobile banking app by Bank Sinarmas. It provides transfers, bill payments, and account management."
miHoYo,Mihoyo,Mihoyo,entertainment,gaming_platform,,,"miHoYo is a gaming platform app by miHoYo/HoYoverse. It develops Genshin Impact, Honkai Star Rail, and Honkai Impact 3rd."
wikiHow,Wikihow,Wikihow,information_education,reference_wiki,,,wikiHow is a reference & wiki app by wikiHow. It provides step-by-step how-to guides across a wide range of topics.
